parallel_requests,QPS,median_lat,P95_latency(ms),clustersize,query,rfshards,GROUP,fcts
144,147552.7,1.0155063785918772,1.6390052560257584,8,direct,rf16_s1_,12,0.0003876686096191406--0.0005662441253662109--0.0006654262542724609--0.000782012939453125--0.0008409023284912109--0.0008797645568847656--0.0009102821350097656--0.0009412765502929688--0.0009667873382568359--0.0009930133819580078--0.0010178089141845703--0.0010459423065185547--0.0010743141174316406--0.001107931137084961--0.0011448860168457031--0.0011892318725585938--0.00124359130859375--0.001318216323852539--0.0014281272888183594--0.0016286373138427734
192,164645.7,1.1459797928013753,2.277307903643736,8,direct,rf16_s1_,12,0.00038623809814453125--0.0006339550018310547--0.0007958412170410156--0.0008835792541503906--0.0009322166442871094--0.0009703636169433594--0.0010056495666503906--0.0010380744934082031--0.0010707378387451172--0.0011060237884521484--0.0011432170867919922--0.001186370849609375--0.0012331008911132812--0.0012903213500976562--0.0013582706451416016--0.0014386177062988281--0.001539468765258789--0.001676321029663086--0.0018815994262695312--0.0022509098052978516
240,168826.7,1.3361538737273413,3.1627544686813986,8,direct,rf16_s1_,12,0.00043463706970214844--0.0007200241088867188--0.0008950233459472656--0.0009777545928955078--0.0010333061218261719--0.0010814666748046875--0.0011260509490966797--0.0011701583862304688--0.0012178421020507812--0.0012710094451904297--0.0013279914855957031--0.0013921260833740234--0.0014681816101074219--0.0015523433685302734--0.0016498565673828125--0.0017676353454589844--0.0019211769104003906--0.002127408981323242--0.0024755001068115234--0.0031020641326904297
288,168430.1,1.5573616685538456,4.070339531734072,8,direct,rf16_s1_,12,0.00042748451232910156--0.0008392333984375--0.0010006427764892578--0.001087188720703125--0.001155853271484375--0.0012149810791015625--0.0012760162353515625--0.0013337135314941406--0.0013980865478515625--0.0014684200286865234--0.001544952392578125--0.001630544662475586--0.0017235279083251953--0.0018284320831298828--0.001959562301635742--0.002112150192260742--0.0023190975189208984--0.002602100372314453--0.0030694007873535156--0.004044532775878906
336,170966.2,1.7219330432146964,5.031005165280675,8,direct,rf16_s1_,12,0.0004570484161376953--0.0009114742279052734--0.0010800361633300781--0.0011723041534423828--0.0012466907501220703--0.0013186931610107422--0.0013890266418457031--0.0014612674713134766--0.0015366077423095703--0.0016188621520996094--0.0017058849334716797--0.0018033981323242188--0.0019168853759765625--0.0020492076873779297--0.002203702926635742--0.002393007278442383--0.002651691436767578--0.0030181407928466797--0.0036284923553466797--0.004934787750244141
384,182822.2,1.8068187595031422,5.620814358014517,8,direct,rf16_s1_,12,0.0004322528839111328--0.0009417533874511719--0.0011000633239746094--0.0011944770812988281--0.0012714862823486328--0.0013480186462402344--0.0014247894287109375--0.0015053749084472656--0.0015912055969238281--0.001680612564086914--0.0017809867858886719--0.001895904541015625--0.002018451690673828--0.0021584033966064453--0.0023241043090820312--0.0025403499603271484--0.0028204917907714844--0.003223419189453125--0.003926515579223633--0.005487203598022461
432,195882.7,1.851427939630324,6.2505045244770665,8,direct,rf16_s1_,12,0.0004260540008544922--0.0009672641754150391--0.0011150836944580078--0.0012083053588867188--0.0012888908386230469--0.0013670921325683594--0.0014503002166748047--0.0015349388122558594--0.0016219615936279297--0.0017218589782714844--0.0018281936645507812--0.0019464492797851562--0.002074718475341797--0.002225637435913086--0.002408742904663086--0.002640962600708008--0.002953767776489258--0.0034122467041015625--0.004221439361572266--0.006052732467651367
480,200626.6,1.934819201710808,7.187690477648217,8,direct,rf16_s1_,12,0.00044465065002441406--0.0010204315185546875--0.0011572837829589844--0.0012531280517578125--0.0013391971588134766--0.0014243125915527344--0.0015096664428710938--0.0015990734100341797--0.001692056655883789--0.0017917156219482422--0.001909494400024414--0.0020356178283691406--0.002181529998779297--0.0023450851440429688--0.002550363540649414--0.0028047561645507812--0.0031495094299316406--0.003679513931274414--0.004629611968994141--0.006865501403808594
48,48278.7,1.022353172302246,1.7523002624511719,8,direct,rf16_s1_,12,0.0004165172576904297--0.0006008148193359375--0.0007219314575195312--0.0008094310760498047--0.0008523464202880859--0.0008909702301025391--0.0009188652038574219--0.0009467601776123047--0.0009753704071044922--0.0010056495666503906--0.0010368824005126953--0.0010683536529541016--0.0011050701141357422--0.0011484622955322266--0.0011954307556152344--0.0012540817260742188--0.0013365745544433594--0.001435995101928711--0.0015799999237060547--0.0017905235290527344
528,205140.2,2.0129167808676667,8.162076518220722,8,direct,rf16_s1_,12,0.0004074573516845703--0.0010275840759277344--0.0011816024780273438--0.0012850761413574219--0.001377105712890625--0.0014674663543701172--0.0015573501586914062--0.0016536712646484375--0.0017542839050292969--0.001861572265625--0.0019829273223876953--0.0021126270294189453--0.002270936965942383--0.0024623870849609375--0.002685070037841797--0.002966165542602539--0.003353595733642578--0.003939628601074219--0.0050508975982666016--0.007729768753051758
576,210124.2,2.0871414032774402,9.211143820343546,8,direct,rf16_s1_,12,0.0004038810729980469--0.0010380744934082031--0.0012001991271972656--0.001314401626586914--0.001413106918334961--0.0015096664428710938--0.001605987548828125--0.001707315444946289--0.0018160343170166016--0.001928567886352539--0.002054452896118164--0.002199888229370117--0.0023682117462158203--0.002569437026977539--0.002810239791870117--0.003124713897705078--0.003551959991455078--0.004232168197631836--0.005545854568481445--0.008732318878173828
681,212953.0,2.232810419102363,11.700939392585697,8,direct,rf16_s1_,12,0.000423431396484375--0.0010688304901123047--0.0012450218200683594--0.0013730525970458984--0.0014836788177490234--0.0015897750854492188--0.0016982555389404297--0.0018084049224853516--0.0019254684448242188--0.002051115036010742--0.0021903514862060547--0.002351522445678711--0.0025408267974853516--0.0027692317962646484--0.0030670166015625--0.0034568309783935547--0.004004001617431641--0.0048558712005615234--0.006609439849853516--0.011095285415649414
786,217348.7,2.3263934311593415,14.342243959949275,8,direct,rf16_s1_,12,0.0004062652587890625--0.001062631607055664--0.0012540817260742188--0.0013914108276367188--0.0015141963958740234--0.0016329288482666016--0.0017497539520263672--0.001871347427368164--0.0019986629486083984--0.002135038375854492--0.0022857189178466797--0.0024635791778564453--0.0026683807373046875--0.0029251575469970703--0.0032596588134765625--0.003713369369506836--0.004366636276245117--0.005433559417724609--0.007773637771606445--0.013489484786987305
891,219058.1,2.43916730464239,17.26657145501251,8,direct,rf16_s1_,12,0.0004076957702636719--0.0011000633239746094--0.001298666000366211--0.0014369487762451172--0.0015633106231689453--0.0016894340515136719--0.0018165111541748047--0.001939535140991211--0.002073049545288086--0.002224445343017578--0.0023925304412841797--0.0025861263275146484--0.0028154850006103516--0.0030999183654785156--0.003467082977294922--0.003984689712524414--0.004761934280395508--0.0061435699462890625--0.009045124053955078--0.016099214553833008
96,100685.1,1.0084619327467315,1.5745406248131577,8,direct,rf16_s1_,12,0.0003883838653564453--0.0005702972412109375--0.0006575584411621094--0.0007684230804443359--0.0008294582366943359--0.0008704662322998047--0.0009031295776367188--0.0009331703186035156--0.0009627342224121094--0.0009884834289550781--0.0010154247283935547--0.0010437965393066406--0.0010750293731689453--0.0011074542999267578--0.001142263412475586--0.0011818408966064453--0.0012295246124267578--0.0012977123260498047--0.0013926029205322266--0.0015616416931152344
996,221047.2,2.501608259114788,19.490030902114945,8,direct,rf16_s1_,12,0.0003979206085205078--0.0011022090911865234--0.00130462646484375--0.0014519691467285156--0.0015845298767089844--0.0017163753509521484--0.0018463134765625--0.001978158950805664--0.002120494842529297--0.002276182174682617--0.002452373504638672--0.0026581287384033203--0.002905130386352539--0.003210306167602539--0.003610372543334961--0.004166126251220703--0.0050280094146728516--0.006545305252075195--0.009830474853515625--0.01789546012878418
144,18777.9,6.6620895307358,14.102636951289766,8,direct,rf16_s2_,22,0.0017631053924560547--0.003525972366333008--0.004322052001953125--0.004797220230102539--0.005138397216796875--0.005434989929199219--0.005688667297363281--0.005923271179199219--0.006172657012939453--0.00641322135925293--0.006666660308837891--0.006934404373168945--0.007218122482299805--0.007537364959716797--0.007887601852416992--0.008307695388793945--0.008855342864990234--0.009598255157470703--0.010746002197265625--0.013272762298583984
192,19147.4,8.614785892447246,20.249640818723698,8,direct,rf16_s2_,22,0.001664876937866211--0.004107236862182617--0.005139589309692383--0.00578618049621582--0.006291866302490234--0.006755352020263672--0.007137775421142578--0.0074939727783203125--0.00787353515625--0.008237361907958984--0.008614778518676758--0.009003877639770508--0.009430408477783203--0.009883880615234375--0.010421276092529297--0.011080026626586914--0.01186680793762207--0.012886762619018555--0.014595270156860352--0.01898956298828125
240,19752.1,10.155003918103935,28.823829879445476,8,direct,rf16_s2_,22,0.0016820430755615234--0.004332542419433594--0.005433320999145508--0.006273984909057617--0.0069963932037353516--0.007589817047119141--0.008117437362670898--0.008630752563476562--0.009129047393798828--0.009617805480957031--0.010126829147338867--0.010689735412597656--0.011289596557617188--0.011934757232666016--0.012660980224609375--0.013508081436157227--0.014603376388549805--0.016117095947265625--0.018582582473754883--0.024976015090942383
288,20207.5,11.869060582128064,36.170117608432115,8,direct,rf16_s2_,22,0.001459360122680664--0.00455927848815918--0.0059931278228759766--0.00708770751953125--0.007932186126708984--0.00868535041809082--0.009338855743408203--0.009976387023925781--0.010595560073852539--0.011200428009033203--0.011843442916870117--0.012525796890258789--0.013265371322631836--0.014070987701416016--0.014960289001464844--0.01605820655822754--0.01735544204711914--0.019335031509399414--0.022421598434448242--0.03012228012084961
336,21218.3,13.443991982725246,42.73346754220816,8,direct,rf16_s2_,22,0.001735687255859375--0.00508427619934082--0.006711244583129883--0.007915973663330078--0.00892186164855957--0.009744882583618164--0.010518074035644531--0.011255502700805664--0.011973857879638672--0.012684345245361328--0.013408422470092773--0.014168500900268555--0.015019893646240234--0.015908241271972656--0.016910076141357422--0.0180966854095459--0.01957988739013672--0.021689653396606445--0.024956464767456055--0.03428196907043457
384,23549.6,14.780259502984082,37.44284785473285,8,direct,rf16_s2_,22,0.0016818046569824219--0.005549192428588867--0.007434844970703125--0.008750677108764648--0.009814262390136719--0.01075124740600586--0.011594295501708984--0.012384891510009766--0.013173818588256836--0.013933897018432617--0.014712095260620117--0.015505313873291016--0.01634502410888672--0.017273902893066406--0.018344402313232422--0.01958918571472168--0.021119356155395508--0.023128747940063477--0.02623295783996582--0.03341245651245117
432,24598.2,16.20869647522676,44.159379972290886,8,direct,rf16_s2_,22,0.0016665458679199219--0.005665779113769531--0.0077626705169677734--0.009265899658203125--0.010515928268432617--0.011602163314819336--0.012516975402832031--0.01345515251159668--0.01433420181274414--0.015233993530273438--0.016142845153808594--0.017081737518310547--0.01807403564453125--0.019171953201293945--0.0204164981842041--0.021839380264282227--0.02356123924255371--0.02582693099975586--0.029447317123413086--0.038503408432006836
480,26556.4,17.7321325199238,41.71561650715428,8,direct,rf16_s2_,22,0.001497507095336914--0.0058629512786865234--0.008274078369140625--0.010091781616210938--0.011560916900634766--0.012766361236572266--0.013848066329956055--0.01484227180480957--0.01580214500427246--0.016735553741455078--0.017708539962768555--0.0186769962310791--0.019699811935424805--0.020836591720581055--0.022082090377807617--0.02349376678466797--0.025150775909423828--0.02732539176940918--0.030586957931518555--0.03805947303771973
48,9752.8,4.442472457885742,8.336219787597656,8,direct,rf16_s2_,22,0.0016622543334960938--0.002402067184448242--0.0032575130462646484--0.003554821014404297--0.003744363784790039--0.0038955211639404297--0.0040285587310791016--0.0041544437408447266--0.004274606704711914--0.004395961761474609--0.00451350212097168--0.004641294479370117--0.004767417907714844--0.004918575286865234--0.0051004886627197266--0.005318641662597656--0.005577802658081055--0.005987882614135742--0.006662845611572266--0.008106231689453125
528,29717.4,18.075395080278504,37.714397232487514,8,direct,rf16_s2_,22,0.0014867782592773438--0.006700277328491211--0.00889277458190918--0.010613441467285156--0.011976480484008789--0.013175487518310547--0.01425313949584961--0.015203237533569336--0.016153335571289062--0.017101049423217773--0.018018245697021484--0.018976449966430664--0.01997518539428711--0.02106332778930664--0.022231340408325195--0.02354907989501953--0.02510666847229004--0.02708601951599121--0.029969453811645508--0.03586721420288086
576,30651.5,19.460644688985752,40.40414239296039,8,direct,rf16_s2_,22,0.0015408992767333984--0.005715131759643555--0.008927106857299805--0.01105046272277832--0.012763023376464844--0.014111995697021484--0.015311002731323242--0.016419172286987305--0.01749897003173828--0.018517494201660156--0.019516468048095703--0.020549297332763672--0.02156853675842285--0.02270030975341797--0.023934125900268555--0.025313854217529297--0.027011871337890625--0.0291445255279541--0.032320499420166016--0.038680076599121094
681,31028.5,22.953290799084833,46.1332429857815,8,direct,rf16_s2_,22,0.0014994144439697266--0.005863189697265625--0.010290861129760742--0.013061046600341797--0.015120506286621094--0.016740798950195312--0.0181581974029541--0.019488096237182617--0.02068352699279785--0.02186727523803711--0.023050546646118164--0.024239063262939453--0.025477170944213867--0.026833534240722656--0.028235673904418945--0.029833316802978516--0.0317535400390625--0.034172773361206055--0.03757786750793457--0.04451417922973633
786,31064.4,26.355838109999137,55.168041420467006,8,direct,rf16_s2_,22,0.0014965534210205078--0.007277488708496094--0.011831283569335938--0.014828920364379883--0.01715087890625--0.019028425216674805--0.020659685134887695--0.022147655487060547--0.023587465286254883--0.024984121322631836--0.026398658752441406--0.02784895896911621--0.029343366622924805--0.03093552589416504--0.03267621994018555--0.03460550308227539--0.03685450553894043--0.03969240188598633--0.04379010200500488--0.05281329154968262
891,31349.8,29.934076018723236,60.266398102011685,8,direct,rf16_s2_,22,0.0015566349029541016--0.007457733154296875--0.013093233108520508--0.01677107810974121--0.019556522369384766--0.021750926971435547--0.023665666580200195--0.025374650955200195--0.026955366134643555--0.02852630615234375--0.03003978729248047--0.03160262107849121--0.03325176239013672--0.0350184440612793--0.03689384460449219--0.03908944129943848--0.04159951210021973--0.04474186897277832--0.0492396354675293--0.05824446678161621
96,17197.6,4.77303290853695,9.061801190278969,8,direct,rf16_s2_,22,0.001558065414428711--0.0026760101318359375--0.0033943653106689453--0.003704071044921875--0.003903627395629883--0.004073143005371094--0.004228115081787109--0.004367828369140625--0.004510164260864258--0.0046541690826416016--0.004797935485839844--0.00496220588684082--0.00513148307800293--0.005317211151123047--0.005540609359741211--0.005814552307128906--0.006155967712402344--0.006597042083740234--0.007314205169677734--0.00881648063659668
996,31742.2,32.98505609164496,66.88053956729377,8,direct,rf16_s2_,22,0.0015323162078857422--0.00824594497680664--0.014913320541381836--0.01888751983642578--0.0217897891998291--0.0240786075592041--0.02613663673400879--0.02796339988708496--0.029678821563720703--0.031359195709228516--0.03302359580993652--0.03476667404174805--0.03666114807128906--0.038603782653808594--0.040746212005615234--0.04318594932556152--0.04605412483215332--0.049653053283691406--0.054827213287353516--0.06517863273620605
144,53035.8,1.949641802539564,9.38530000921798,2,direct,rf2_s1__,11,0.0004329681396484375--0.0010018348693847656--0.0011508464813232422--0.0012497901916503906--0.0013360977172851562--0.0014238357543945312--0.0015139579772949219--0.0016055107116699219--0.0017046928405761719--0.001810312271118164--0.001928091049194336--0.0020532608032226562--0.002208232879638672--0.002397298812866211--0.0026330947875976562--0.002940654754638672--0.0033714771270751953--0.004023551940917969--0.0052585601806640625--0.008772134780883789
192,53722.4,2.1929654878439364,13.422604688664073,2,direct,rf2_s1__,11,0.0004940032958984375--0.001087188720703125--0.001249074935913086--0.0013594627380371094--0.0014643669128417969--0.0015642642974853516--0.0016660690307617188--0.0017766952514648438--0.0018973350524902344--0.00202178955078125--0.002161264419555664--0.002318859100341797--0.0025017261505126953--0.002732515335083008--0.0030155181884765625--0.003425121307373047--0.003997087478637695--0.004923105239868164--0.006763458251953125--0.012156248092651367
240,54531.7,2.3109371011907403,17.599768875059016,2,direct,rf2_s1__,11,0.0004379749298095703--0.0011432170867919922--0.0013120174407958984--0.0014295578002929688--0.0015444755554199219--0.001657724380493164--0.0017666816711425781--0.0018863677978515625--0.0020084381103515625--0.0021386146545410156--0.002283811569213867--0.0024559497833251953--0.002659320831298828--0.0029060840606689453--0.0032291412353515625--0.0036704540252685547--0.00433659553527832--0.005434989929199219--0.0078067779541015625--0.014739751815795898
288,55540.1,2.3812228235705146,20.4661147347812,2,direct,rf2_s1__,11,0.0004343986511230469--0.0011458396911621094--0.0013320446014404297--0.0014529228210449219--0.001567840576171875--0.0016818046569824219--0.0018031597137451172--0.0019195079803466797--0.002048492431640625--0.002187967300415039--0.0023453235626220703--0.002522706985473633--0.002732515335083008--0.0030019283294677734--0.0033478736877441406--0.003816366195678711--0.004528045654296875--0.005780458450317383--0.008321762084960938--0.016808032989501953
336,54560.3,2.464456671088405,23.653965024553106,2,direct,rf2_s1__,11,0.0004284381866455078--0.0012116432189941406--0.0013794898986816406--0.0015079975128173828--0.0016300678253173828--0.0017473697662353516--0.0018668174743652344--0.001993417739868164--0.002122163772583008--0.002267122268676758--0.002424001693725586--0.002606630325317383--0.0028243064880371094--0.003107786178588867--0.0034761428833007812--0.003977060317993164--0.004721641540527344--0.006050586700439453--0.009113788604736328--0.018117904663085938
384,54719.5,2.504386432430287,26.996542135050877,2,direct,rf2_s1__,11,0.0004324913024902344--0.0012102127075195312--0.0013861656188964844--0.0015196800231933594--0.0016391277313232422--0.001760721206665039--0.001878976821899414--0.0020072460174560547--0.002140522003173828--0.002285003662109375--0.002454519271850586--0.0026504993438720703--0.0028781890869140625--0.003175020217895508--0.0035533905029296875--0.004076242446899414--0.004846334457397461--0.006201267242431641--0.00930643081665039--0.019125938415527344
432,54264.5,2.6097901955178258,29.92934235779371,2,direct,rf2_s1__,11,0.00047659873962402344--0.0012509822845458984--0.0014333724975585938--0.0015683174133300781--0.0016984939575195312--0.0018236637115478516--0.001950979232788086--0.002084016799926758--0.0022275447845458984--0.002379894256591797--0.002557992935180664--0.002766847610473633--0.003023862838745117--0.003348827362060547--0.003764629364013672--0.004335165023803711--0.005231142044067383--0.006813526153564453--0.010278701782226562--0.020616769790649414
480,56071.1,2.50936692186411,30.36170035477001,2,direct,rf2_s1__,11,0.0004470348358154297--0.0011830329895019531--0.0013740062713623047--0.0015072822570800781--0.0016300678253173828--0.0017511844635009766--0.0018720626831054688--0.0019979476928710938--0.0021317005157470703--0.002282381057739258--0.002453327178955078--0.0026445388793945312--0.002869844436645508--0.0031557083129882812--0.003529071807861328--0.004036664962768555--0.004812002182006836--0.0061986446380615234--0.00908660888671875--0.01834273338317871
48,41459.3,1.107797622680664,2.264375686645508,2,direct,rf2_s1__,11,0.0004000663757324219--0.0006155967712402344--0.0007615089416503906--0.0008597373962402344--0.0009112358093261719--0.0009534358978271484--0.0009882450103759766--0.0010225772857666016--0.0010516643524169922--0.001087188720703125--0.0011243820190429688--0.001163482666015625--0.0012099742889404297--0.001257181167602539--0.0013158321380615234--0.0014047622680664062--0.0015017986297607422--0.0016410350799560547--0.0018503665924072266--0.002257108688354492
528,56096.8,2.546205610599158,31.28242942522157,2,direct,rf2_s1__,11,0.0004146099090576172--0.0012142658233642578--0.0013997554779052734--0.0015380382537841797--0.0016641616821289062--0.0017857551574707031--0.0019083023071289062--0.002040386199951172--0.002171039581298828--0.0023221969604492188--0.0024971961975097656--0.0026946067810058594--0.002935171127319336--0.0032324790954589844--0.003618955612182617--0.004160881042480469--0.00499415397644043--0.0065076351165771484--0.009871482849121094--0.019929170608520508
576,57820.6,2.5951119855200955,33.87450099403883,2,direct,rf2_s1__,11,0.00045752525329589844--0.0012164115905761719--0.0014071464538574219--0.0015442371368408203--0.0016741752624511719--0.0018002986907958984--0.0019273757934570312--0.0020644664764404297--0.0022056102752685547--0.002363920211791992--0.002542257308959961--0.0027468204498291016--0.0029976367950439453--0.0033104419708251953--0.0037069320678710938--0.004273176193237305--0.005138397216796875--0.0066106319427490234--0.009988546371459961--0.020812034606933594
681,58766.7,2.5559335103155782,37.19352005846277,2,direct,rf2_s1__,11,0.0004630088806152344--0.0012056827545166016--0.0013947486877441406--0.0015306472778320312--0.0016598701477050781--0.0017826557159423828--0.0019061565399169922--0.0020339488983154297--0.0021736621856689453--0.0023293495178222656--0.0024976730346679688--0.0027000904083251953--0.0029420852661132812--0.0032303333282470703--0.003623485565185547--0.004154682159423828--0.004986286163330078--0.006440639495849609--0.009598731994628906--0.020164012908935547
786,58877.8,2.7156628898738586,39.73744456301031,2,direct,rf2_s1__,11,0.0004184246063232422--0.0012621879577636719--0.0014531612396240234--0.0015993118286132812--0.0017397403717041016--0.001870870590209961--0.002005338668823242--0.0021448135375976562--0.002295255661010742--0.00246429443359375--0.0026514530181884766--0.0028722286224365234--0.0031375885009765625--0.0034689903259277344--0.0038917064666748047--0.004480838775634766--0.005410432815551758--0.007035493850708008--0.010508537292480469--0.021860837936401367
891,59186.5,2.7595708372914967,44.603380794287,2,direct,rf2_s1__,11,0.0004105567932128906--0.0012559890747070312--0.0014460086822509766--0.00159454345703125--0.001737356185913086--0.0018725395202636719--0.00201416015625--0.0021581649780273438--0.0023193359375--0.0024962425231933594--0.0026993751525878906--0.002928018569946289--0.0032176971435546875--0.0035741329193115234--0.004049777984619141--0.0047299861907958984--0.005738019943237305--0.007554769515991211--0.011357545852661133--0.02318882942199707
96,47642.6,1.718185385879205,5.494562947020238,2,direct,rf2_s1__,11,0.0004067420959472656--0.0008981227874755859--0.0010595321655273438--0.0011582374572753906--0.0012390613555908203--0.0013110637664794922--0.001386404037475586--0.0014591217041015625--0.001539468765258789--0.0016226768493652344--0.0017158985137939453--0.001813650131225586--0.001931905746459961--0.0020689964294433594--0.0022313594818115234--0.002434253692626953--0.002711772918701172--0.0031185150146484375--0.003827810287475586--0.0053043365478515625
996,59667.4,2.826338470042415,51.764854888221734,2,direct,rf2_s1__,11,0.0004038810729980469--0.00127410888671875--0.0014653205871582031--0.0016160011291503906--0.0017580986022949219--0.001901388168334961--0.0020453929901123047--0.002196073532104492--0.002361297607421875--0.0025482177734375--0.0027556419372558594--0.0030035972595214844--0.0032987594604492188--0.003679513931274414--0.0041768550872802734--0.004871845245361328--0.005947589874267578--0.007854461669921875--0.011987686157226562--0.02512335777282715
144,7842.5,19.529053609665127,35.25358356841623,2,direct,rf2_s2__,21,0.0014274120330810547--0.00686335563659668--0.009137868881225586--0.010941505432128906--0.012573003768920898--0.014094114303588867--0.015427589416503906--0.016610383987426758--0.017629384994506836--0.018645048141479492--0.019613027572631836--0.02058863639831543--0.02155017852783203--0.022557973861694336--0.02366018295288086--0.024858713150024414--0.02631092071533203--0.028077363967895508--0.030521869659423828--0.0348970890045166
192,7502.2,27.24936696671948,51.52600450614064,2,direct,rf2_s2__,21,0.0013544559478759766--0.008030176162719727--0.011518716812133789--0.01429295539855957--0.016742706298828125--0.019034385681152344--0.020957231521606445--0.022783517837524414--0.024375438690185547--0.02585291862487793--0.027284860610961914--0.028693675994873047--0.030129432678222656--0.031592607498168945--0.033315420150756836--0.0351862907409668--0.0373072624206543--0.039932966232299805--0.043752193450927734--0.05066680908203125
240,7939.1,31.820154387103624,62.672433774333356,2,direct,rf2_s2__,21,0.0015575885772705078--0.009615182876586914--0.013481855392456055--0.016566753387451172--0.01947641372680664--0.021974802017211914--0.024217844009399414--0.026194334030151367--0.0281679630279541--0.030048847198486328--0.03181648254394531--0.033582448959350586--0.035338401794433594--0.037142276763916016--0.039171695709228516--0.041498422622680664--0.04404902458190918--0.047408103942871094--0.052353858947753906--0.061287641525268555
288,8526.0,35.81223981133823,70.85544487525677,2,direct,rf2_s2__,21,0.001279592514038086--0.01088714599609375--0.015479326248168945--0.01900935173034668--0.021981239318847656--0.02450418472290039--0.02702784538269043--0.02943110466003418--0.031685590744018555--0.03383374214172363--0.03586316108703613--0.03780627250671387--0.03988218307495117--0.04216957092285156--0.0445704460144043--0.04712629318237305--0.050339460372924805--0.05418086051940918--0.05967354774475098--0.06985759735107422
336,8929.1,39.7849611982086,79.46962365031948,2,direct,rf2_s2__,21,0.0013608932495117188--0.010523319244384766--0.016331195831298828--0.020640134811401367--0.02415299415588379--0.027191638946533203--0.030031204223632812--0.032712697982788086--0.03518819808959961--0.03751707077026367--0.03992748260498047--0.04212164878845215--0.04454755783081055--0.047113656997680664--0.049843549728393555--0.05278158187866211--0.05629777908325195--0.06071281433105469--0.06675148010253906--0.07820510864257812
384,9349.2,43.75111809666293,87.17573492020523,2,direct,rf2_s2__,21,0.0013446807861328125--0.012232303619384766--0.01849365234375--0.023105859756469727--0.02695465087890625--0.030246496200561523--0.03321504592895508--0.03599905967712402--0.038666486740112305--0.04124093055725098--0.04371833801269531--0.04620862007141113--0.04872441291809082--0.05139636993408203--0.05425524711608887--0.0575404167175293--0.06121063232421875--0.06590080261230469--0.07270598411560059--0.08549094200134277
432,9073.6,50.88108091310422,99.03927992016489,2,direct,rf2_s2__,21,0.0014781951904296875--0.014698982238769531--0.02158045768737793--0.026716232299804688--0.031096220016479492--0.034924983978271484--0.03837752342224121--0.04155755043029785--0.04470491409301758--0.04776811599731445--0.0508425235748291--0.05382180213928223--0.056784629821777344--0.05992484092712402--0.06318831443786621--0.06705498695373535--0.07164907455444336--0.07735013961791992--0.08474898338317871--0.09777688980102539
480,9419.3,54.644201306386606,106.35590701676998,2,direct,rf2_s2__,21,0.001360177993774414--0.014155387878417969--0.02299809455871582--0.028882265090942383--0.03376460075378418--0.03788304328918457--0.04155325889587402--0.04499506950378418--0.0483548641204834--0.05156207084655762--0.054657936096191406--0.05777931213378906--0.06110262870788574--0.06456398963928223--0.06836557388305664--0.07255172729492188--0.07746076583862305--0.08374691009521484--0.0922081470489502--0.1049036979675293
48,6908.0,6.870942115783691,13.654789924621582,2,direct,rf2_s2__,21,0.0015168190002441406--0.0035219192504882812--0.004273414611816406--0.004771709442138672--0.005198001861572266--0.005530834197998047--0.005839347839355469--0.006098270416259766--0.006394863128662109--0.006689310073852539--0.006968021392822266--0.007264614105224609--0.0075702667236328125--0.007930755615234375--0.008339643478393555--0.008794069290161133--0.009381294250488281--0.010127544403076172--0.01126861572265625--0.013688325881958008
528,10174.1,56.24843498445907,105.26770510763492,2,direct,rf2_s2__,21,0.0012199878692626953--0.01559591293334961--0.025525569915771484--0.03157544136047363--0.036375999450683594--0.0404665470123291--0.04418134689331055--0.04758405685424805--0.05086255073547363--0.05411553382873535--0.057222843170166016--0.06039595603942871--0.06358742713928223--0.06704902648925781--0.07061600685119629--0.07463550567626953--0.07923769950866699--0.08463764190673828--0.09186291694641113--0.1039419174194336
576,10225.7,61.149140130277324,113.61927020921014,2,direct,rf2_s2__,21,0.0014026165008544922--0.013116598129272461--0.026177167892456055--0.03345799446105957--0.0388641357421875--0.04355597496032715--0.047590017318725586--0.05129718780517578--0.05480003356933594--0.05821871757507324--0.06157207489013672--0.06498050689697266--0.0686185359954834--0.07232213020324707--0.07633304595947266--0.08086156845092773--0.0859978199005127--0.09231019020080566--0.10000848770141602--0.1121828556060791
681,10382.6,69.87053484568474,129.6772388338865,2,direct,rf2_s2__,21,0.0011854171752929688--0.015340805053710938--0.028106689453125--0.037416934967041016--0.044350385665893555--0.04998040199279785--0.054762840270996094--0.05894279479980469--0.06282758712768555--0.06659865379333496--0.07018566131591797--0.07406401634216309--0.0781857967376709--0.08268523216247559--0.0872492790222168--0.09235310554504395--0.09787416458129883--0.10485577583312988--0.11388993263244629--0.1285252571105957
786,10599.7,79.47961081283236,148.20039593668437,2,direct,rf2_s2__,21,0.0012869834899902344--0.017223119735717773--0.03254508972167969--0.04257917404174805--0.05055809020996094--0.05735015869140625--0.06289815902709961--0.06743431091308594--0.07154631614685059--0.07552981376647949--0.07952499389648438--0.0839691162109375--0.08887290954589844--0.09428834915161133--0.10008692741394043--0.10618305206298828--0.11309647560119629--0.1210484504699707--0.1318206787109375--0.14665913581848145
891,10734.2,88.77764460188232,170.9487670147581,2,direct,rf2_s2__,21,0.001369476318359375--0.014608621597290039--0.03662991523742676--0.0481109619140625--0.05705404281616211--0.0655057430267334--0.07210111618041992--0.07745242118835449--0.08189225196838379--0.08588051795959473--0.08977270126342773--0.09398174285888672--0.09931492805480957--0.10552835464477539--0.11247801780700684--0.11998248100280762--0.1274726390838623--0.13706564903259277--0.14977240562438965--0.16881537437438965
96,7574.0,13.461458439729652,23.328043976608587,2,direct,rf2_s2__,21,0.0014619827270507812--0.005746126174926758--0.007400035858154297--0.008575439453125--0.00950312614440918--0.010358095169067383--0.011153936386108398--0.011763572692871094--0.012382268905639648--0.01299285888671875--0.013557910919189453--0.01411581039428711--0.014715194702148438--0.015351057052612305--0.0159757137298584--0.016736268997192383--0.0176241397857666--0.018793582916259766--0.02035665512084961--0.023215055465698242
996,10519.6,101.27162130511537,198.60941147317692,2,direct,rf2_s2__,21,0.0012507438659667969--0.015400886535644531--0.04308366775512695--0.05515885353088379--0.06423425674438477--0.07400012016296387--0.08265852928161621--0.08914756774902344--0.09402084350585938--0.09812283515930176--0.10197257995605469--0.10583782196044922--0.11006665229797363--0.11516022682189941--0.12159156799316406--0.13016867637634277--0.14028024673461914--0.1518096923828125--0.16896772384643555--0.19436335563659668
144,51582.2,2.079769356610024,9.200545206461868,2,direct,rf4_s1__,12,0.00046539306640625--0.0010459423065185547--0.0012025833129882812--0.001312255859375--0.0014138221740722656--0.0015079975128173828--0.0016047954559326172--0.0017054080963134766--0.0018138885498046875--0.001931905746459961--0.0020575523376464844--0.0021915435791015625--0.002354145050048828--0.002557516098022461--0.002804279327392578--0.003101825714111328--0.0035486221313476562--0.0041961669921875--0.005519866943359375--0.00882863998413086
192,52163.1,2.3939560369117974,14.010122141887232,2,direct,rf4_s1__,12,0.0004787445068359375--0.0011878013610839844--0.0013537406921386719--0.0014836788177490234--0.001600027084350586--0.0017154216766357422--0.0018382072448730469--0.0019540786743164062--0.002078533172607422--0.002208232879638672--0.0023539066314697266--0.0025391578674316406--0.0027489662170410156--0.003009796142578125--0.0033397674560546875--0.003813505172729492--0.004510164260864258--0.005599260330200195--0.0077784061431884766--0.013256072998046875
240,53221.7,2.576347224968524,18.55677809597047,2,direct,rf4_s1__,12,0.0004374980926513672--0.0012252330780029297--0.0014095306396484375--0.0015528202056884766--0.00168609619140625--0.0018053054809570312--0.00193023681640625--0.0020613670349121094--0.002197265625--0.0023522377014160156--0.002521514892578125--0.0027213096618652344--0.002954244613647461--0.003264904022216797--0.0036606788635253906--0.004196882247924805--0.005021810531616211--0.006371974945068359--0.009388446807861328--0.017222881317138672
288,54119.1,2.721768412096747,23.26365010491733,2,direct,rf4_s1__,12,0.0004150867462158203--0.0012493133544921875--0.0014455318450927734--0.0015943050384521484--0.0017342567443847656--0.001867532730102539--0.0020058155059814453--0.002144336700439453--0.002300739288330078--0.0024743080139160156--0.0026750564575195312--0.0029087066650390625--0.0031821727752685547--0.003512859344482422--0.0039560794830322266--0.004601240158081055--0.005633115768432617--0.007531881332397461--0.011358022689819336--0.02126765251159668
336,53326.2,2.865501409451637,28.609183413037183,2,direct,rf4_s1__,12,0.00044417381286621094--0.0013065338134765625--0.0015077590942382812--0.0016674995422363281--0.0018205642700195312--0.001964569091796875--0.002101898193359375--0.002253293991088867--0.0024251937866210938--0.002607583999633789--0.00281524658203125--0.003062009811401367--0.0033631324768066406--0.0037441253662109375--0.004244565963745117--0.004964113235473633--0.0060901641845703125--0.008115768432617188--0.012218475341796875--0.024030208587646484
384,53683.1,3.008234068519711,31.85750845182745,2,direct,rf4_s1__,12,0.0004439353942871094--0.0013415813446044922--0.0015468597412109375--0.0017142295837402344--0.0018658638000488281--0.0020203590393066406--0.0021686553955078125--0.002333402633666992--0.002510547637939453--0.0027163028717041016--0.002938985824584961--0.003206491470336914--0.003541231155395508--0.003960132598876953--0.0045011043548583984--0.00528717041015625--0.006532192230224609--0.008817911148071289--0.013579607009887695--0.027401447296142578
432,53829.1,3.2123871113298126,37.614140093051894,2,direct,rf4_s1__,12,0.0004169940948486328--0.0013728141784667969--0.0015876293182373047--0.0017676353454589844--0.0019333362579345703--0.002092599868774414--0.002264261245727539--0.0024480819702148438--0.0026438236236572266--0.0028667449951171875--0.003123760223388672--0.003425121307373047--0.0037856101989746094--0.004248142242431641--0.0048520565032958984--0.005756378173828125--0.007143259048461914--0.009675741195678711--0.014832019805908203--0.03144955635070801
480,55037.0,3.1988675168935687,39.82161931477147,2,direct,rf4_s1__,12,0.00042438507080078125--0.0012938976287841797--0.0015387535095214844--0.0017316341400146484--0.0019102096557617188--0.0020742416381835938--0.0022430419921875--0.002424478530883789--0.0026276111602783203--0.0028519630432128906--0.0031147003173828125--0.0034177303314208984--0.003811359405517578--0.0042934417724609375--0.004984378814697266--0.005971670150756836--0.007485866546630859--0.010119199752807617--0.015627622604370117--0.03319740295410156
48,39883.1,1.1517095565795898,2.3719120025634766,2,direct,rf4_s1__,12,0.0004143714904785156--0.0006330013275146484--0.0007956027984619141--0.0008897781372070312--0.0009438991546630859--0.0009834766387939453--0.0010221004486083984--0.0010581016540527344--0.0010938644409179688--0.0011317729949951172--0.0011718273162841797--0.0012187957763671875--0.0012710094451904297--0.0013284683227539062--0.0013985633850097656--0.0014815330505371094--0.0015892982482910156--0.001722574234008789--0.0019254684448242188--0.0023415088653564453
528,53832.4,3.381618913614525,47.42521205038395,2,direct,rf4_s1__,12,0.0004203319549560547--0.0013473033905029297--0.0015997886657714844--0.0018014907836914062--0.001982450485229492--0.0021588802337646484--0.0023446083068847656--0.0025424957275390625--0.002753019332885742--0.002996206283569336--0.003287792205810547--0.0036389827728271484--0.004064321517944336--0.004599332809448242--0.005314826965332031--0.00638580322265625--0.008057594299316406--0.010912179946899414--0.017128705978393555--0.03815269470214844
576,55749.1,3.526067238777979,49.42909862755904,2,direct,rf4_s1__,12,0.0004284381866455078--0.00135040283203125--0.0016088485717773438--0.0018157958984375--0.0020062923431396484--0.0021991729736328125--0.0023889541625976562--0.002602815628051758--0.002829313278198242--0.003100156784057617--0.0034186840057373047--0.0037927627563476562--0.004238605499267578--0.004805088043212891--0.005608797073364258--0.00672459602355957--0.00846099853515625--0.011512517929077148--0.01809215545654297--0.04062056541442871
681,58070.5,3.4026955219984405,56.90844407638031,2,direct,rf4_s1__,12,0.0004527568817138672--0.0013041496276855469--0.0015587806701660156--0.0017631053924560547--0.0019488334655761719--0.002130746841430664--0.002325773239135742--0.002526998519897461--0.0027475357055664062--0.0030083656311035156--0.0033016204833984375--0.0036535263061523438--0.004082441329956055--0.004641294479370117--0.005418539047241211--0.0065310001373291016--0.008226394653320312--0.011214256286621094--0.018055200576782227--0.04350924491882324
786,57232.5,3.7930088452295707,65.91996111115566,2,direct,rf4_s1__,12,0.0004668235778808594--0.0013942718505859375--0.0016531944274902344--0.0018777847290039062--0.002084493637084961--0.0022916793823242188--0.0025081634521484375--0.002745389938354492--0.0030138492584228516--0.003322124481201172--0.0036776065826416016--0.004099607467651367--0.004626750946044922--0.0053064823150634766--0.006258249282836914--0.007591962814331055--0.00966954231262207--0.013303518295288086--0.021292924880981445--0.05161714553833008
891,57273.8,4.312283357346519,80.02063054973281,2,direct,rf4_s1__,12,0.0004220008850097656--0.0014536380767822266--0.001745462417602539--0.0019888877868652344--0.0022246837615966797--0.0024690628051757812--0.0027239322662353516--0.0030105113983154297--0.0033288002014160156--0.003703594207763672--0.0041463375091552734--0.004654884338378906--0.0052947998046875--0.006152629852294922--0.0072743892669677734--0.008847951889038086--0.011255741119384766--0.01520848274230957--0.024318933486938477--0.057230234146118164
96,45100.6,1.8022133379566425,5.745875592134436,2,direct,rf4_s1__,12,0.0004565715789794922--0.0009543895721435547--0.0010991096496582031--0.0011968612670898438--0.0012829303741455078--0.0013592243194580078--0.001436471939086914--0.001514434814453125--0.0015931129455566406--0.0016913414001464844--0.0017931461334228516--0.001905679702758789--0.002038240432739258--0.002178668975830078--0.0023527145385742188--0.002573251724243164--0.002874135971069336--0.0032563209533691406--0.004007816314697266--0.0055389404296875
996,58476.7,4.13389552024103,83.8024789287198,2,direct,rf4_s1__,12,0.0004143714904785156--0.0013914108276367188--0.0016794204711914062--0.0019173622131347656--0.0021381378173828125--0.002370595932006836--0.0026161670684814453--0.0028824806213378906--0.0031845569610595703--0.003536701202392578--0.003944873809814453--0.004454374313354492--0.005079746246337891--0.005889415740966797--0.006957530975341797--0.00849604606628418--0.010798454284667969--0.014747858047485352--0.02329730987548828--0.058031558990478516
144,87821.0,1.481124799545497,3.9598500891907573,4,direct,rf4_s1__,11,0.0004191398620605469--0.0007996559143066406--0.0009572505950927734--0.0010404586791992188--0.001102447509765625--0.001163482666015625--0.001222372055053711--0.0012791156768798828--0.0013377666473388672--0.0014030933380126953--0.001474142074584961--0.0015573501586914062--0.0016469955444335938--0.0017464160919189453--0.0018661022186279297--0.0020132064819335938--0.0022106170654296875--0.0024831295013427734--0.002920866012573242--0.003873586654663086
192,92088.4,1.7823300410791771,5.709643216477227,4,direct,rf4_s1__,11,0.0004019737243652344--0.000934600830078125--0.0010917186737060547--0.0011873245239257812--0.0012660026550292969--0.0013408660888671875--0.0014197826385498047--0.0014941692352294922--0.0015780925750732422--0.0016624927520751953--0.0017600059509277344--0.0018677711486816406--0.001999378204345703--0.002134561538696289--0.0023016929626464844--0.0025110244750976562--0.0027685165405273438--0.0031960010528564453--0.0038917064666748047--0.0055196285247802734
240,99806.2,1.8865579415943996,7.516728945014891,4,direct,rf4_s1__,11,0.00039649009704589844--0.0009737014770507812--0.0011286735534667969--0.0012278556823730469--0.0013108253479003906--0.0013928413391113281--0.0014748573303222656--0.0015604496002197266--0.0016522407531738281--0.0017542839050292969--0.0018672943115234375--0.0019922256469726562--0.002130270004272461--0.002296924591064453--0.002507925033569336--0.0027687549591064453--0.003126859664916992--0.0036695003509521484--0.004671812057495117--0.007235288619995117
288,101665.5,2.055468230411924,9.744607991185681,4,direct,rf4_s1__,11,0.0004341602325439453--0.0010519027709960938--0.0012013912200927734--0.0013034343719482422--0.001401662826538086--0.0014920234680175781--0.001583099365234375--0.0016808509826660156--0.0017902851104736328--0.0018982887268066406--0.0020263195037841797--0.0021703243255615234--0.0023381710052490234--0.0025315284729003906--0.0027854442596435547--0.0031175613403320312--0.003574848175048828--0.004297494888305664--0.005671024322509766--0.009106636047363281
336,104109.7,2.139025185940534,12.33625553063387,4,direct,rf4_s1__,11,0.00043129920959472656--0.00107574462890625--0.0012328624725341797--0.0013425350189208984--0.0014400482177734375--0.0015385150909423828--0.0016398429870605469--0.0017409324645996094--0.0018513202667236328--0.001970529556274414--0.002108335494995117--0.002254486083984375--0.0024330615997314453--0.002656698226928711--0.0029230117797851562--0.0032978057861328125--0.00383758544921875--0.004725217819213867--0.006509065628051758--0.011389732360839844
384,104514.5,2.224899944246124,14.286377887034046,4,direct,rf4_s1__,11,0.0003955364227294922--0.0011050701141357422--0.0012705326080322266--0.0013835430145263672--0.0014874935150146484--0.001592397689819336--0.0016951560974121094--0.00180816650390625--0.0019235610961914062--0.002046346664428711--0.0021848678588867188--0.002349853515625--0.002542734146118164--0.0027725696563720703--0.0030803680419921875--0.0035009384155273438--0.004106044769287109--0.005103588104248047--0.007182598114013672--0.012727022171020508
432,104066.1,2.3509807850358673,16.8096920312275,4,direct,rf4_s1__,11,0.0004699230194091797--0.0011630058288574219--0.0013256072998046875--0.0014452934265136719--0.0015597343444824219--0.0016703605651855469--0.0017843246459960938--0.0019083023071289062--0.002028226852416992--0.002161264419555664--0.0023102760314941406--0.002480745315551758--0.00269317626953125--0.0029468536376953125--0.003280162811279297--0.003736257553100586--0.004399299621582031--0.005581855773925781--0.00801992416381836--0.014436483383178711
480,104742.4,2.4025652913137097,18.696414979167006,4,direct,rf4_s1__,11,0.0003864765167236328--0.001171112060546875--0.0013434886932373047--0.0014655590057373047--0.0015797615051269531--0.0016930103302001953--0.0018093585968017578--0.0019316673278808594--0.002057313919067383--0.0021970272064208984--0.002360820770263672--0.0025391578674316406--0.0027594566345214844--0.0030210018157958984--0.0033712387084960938--0.003847360610961914--0.004549980163574219--0.005774021148681641--0.008369207382202148--0.015810489654541016
48,51838.8,0.9750175476074219,1.5227985382080078,4,direct,rf4_s1__,11,0.0003886222839355469--0.0005545616149902344--0.0006465911865234375--0.0007565021514892578--0.0008111000061035156--0.0008461475372314453--0.0008804798126220703--0.00090789794921875--0.0009374618530273438--0.0009644031524658203--0.0009911060333251953--0.0010182857513427734--0.001049041748046875--0.0010845661163330078--0.0011219978332519531--0.0011661052703857422--0.0012176036834716797--0.0012798309326171875--0.0013699531555175781--0.0015387535095214844
528,108021.0,2.4331169308356517,20.064534331267733,4,direct,rf4_s1__,11,0.0004253387451171875--0.0011494159698486328--0.0013370513916015625--0.0014691352844238281--0.0015869140625--0.0017049312591552734--0.0018231868743896484--0.0019474029541015625--0.0020780563354492188--0.00222015380859375--0.002385854721069336--0.0025758743286132812--0.002796649932861328--0.0030715465545654297--0.0034220218658447266--0.003924846649169922--0.0046808719635009766--0.0059795379638671875--0.008802652359008789--0.016802310943603516
576,109280.1,2.4548129639411056,21.568986371314235,4,direct,rf4_s1__,11,0.0004181861877441406--0.0010981559753417969--0.001316070556640625--0.0014607906341552734--0.0015876293182373047--0.0017192363739013672--0.0018389225006103516--0.0019652843475341797--0.002098560333251953--0.002245187759399414--0.0024132728576660156--0.0026092529296875--0.002840757369995117--0.0031280517578125--0.003500223159790039--0.004006385803222656--0.0047872066497802734--0.006178140640258789--0.009124994277954102--0.017533540725708008
681,110128.4,2.4908802275841597,25.36381281448047,4,direct,rf4_s1__,11,0.0004074573516845703--0.0011205673217773438--0.0013298988342285156--0.001474618911743164--0.0016031265258789062--0.0017278194427490234--0.001856088638305664--0.001985788345336914--0.0021212100982666016--0.0022737979888916016--0.002446413040161133--0.0026416778564453125--0.0028791427612304688--0.003179311752319336--0.0035610198974609375--0.004083395004272461--0.004884481430053711--0.006305694580078125--0.009450912475585938--0.018996477127075195
786,111745.2,2.5055021276254483,27.726290780869896,4,direct,rf4_s1__,11,0.00042700767517089844--0.0011243820190429688--0.0013325214385986328--0.0014748573303222656--0.0016047954559326172--0.001730203628540039--0.0018551349639892578--0.001987457275390625--0.0021293163299560547--0.002282857894897461--0.0024597644805908203--0.002658843994140625--0.002894878387451172--0.0031905174255371094--0.0035772323608398438--0.0041201114654541016--0.004953622817993164--0.0064313411712646484--0.009687662124633789--0.019191980361938477
891,113269.8,2.5027771880723773,27.174408888924717,4,direct,rf4_s1__,11,0.0003845691680908203--0.0011355876922607422--0.0013403892517089844--0.0014805793762207031--0.0016093254089355469--0.001735687255859375--0.0018608570098876953--0.0019905567169189453--0.0021326541900634766--0.0022852420806884766--0.002458333969116211--0.002658367156982422--0.0028960704803466797--0.003179311752319336--0.003563404083251953--0.004090309143066406--0.004889488220214844--0.006302356719970703--0.009408712387084961--0.018699169158935547
96,85155.4,1.1136361530848913,2.156330614673848,4,direct,rf4_s1__,11,0.0004096031188964844--0.0006170272827148438--0.0007770061492919922--0.0008611679077148438--0.0009124279022216797--0.0009484291076660156--0.000982046127319336--0.001012563705444336--0.001046895980834961--0.0010828971862792969--0.0011181831359863281--0.0011608600616455078--0.0012052059173583984--0.0012559890747070312--0.0013201236724853516--0.0013916492462158203--0.0014805793762207031--0.0015985965728759766--0.0017719268798828125--0.0021123886108398438
996,113877.9,2.5729604315539465,31.19316882058781,4,direct,rf4_s1__,11,0.00039839744567871094--0.0011487007141113281--0.0013568401336669922--0.0014986991882324219--0.001634359359741211--0.0017681121826171875--0.0019009113311767578--0.002035856246948242--0.002180337905883789--0.0023398399353027344--0.0025205612182617188--0.002729654312133789--0.0029833316802978516--0.0032892227172851562--0.0036873817443847656--0.004247426986694336--0.005094289779663086--0.006606101989746094--0.009964227676391602--0.02008366584777832
144,7175.5,20.817590086427455,37.6221774375602,2,direct,rf4_s2__,22,0.0014872550964355469--0.0073587894439697266--0.00998067855834961--0.012067317962646484--0.013784408569335938--0.01532125473022461--0.016607046127319336--0.017824649810791016--0.018896818161010742--0.01993727684020996--0.02086472511291504--0.0218508243560791--0.022823572158813477--0.023883819580078125--0.025014638900756836--0.026294469833374023--0.027914762496948242--0.02980637550354004--0.03247809410095215--0.0372166633605957
192,7021.6,28.594894507496626,55.081030757156846,2,direct,rf4_s2__,22,0.0014569759368896484--0.008121252059936523--0.011689901351928711--0.01453399658203125--0.017255544662475586--0.019858598709106445--0.022094011306762695--0.02400493621826172--0.0255892276763916--0.027159690856933594--0.028648853302001953--0.030165910720825195--0.03164339065551758--0.033292293548583984--0.034928321838378906--0.036904335021972656--0.03917884826660156--0.04224586486816406--0.04654669761657715--0.054204463958740234
240,7805.9,32.30365248751049,64.52495500075915,2,direct,rf4_s2__,22,0.0013439655303955078--0.0076787471771240234--0.011619329452514648--0.014943361282348633--0.017946243286132812--0.020834684371948242--0.02357339859008789--0.025964975357055664--0.028295278549194336--0.03039717674255371--0.03233027458190918--0.03432512283325195--0.03622889518737793--0.03818106651306152--0.04043459892272949--0.042932748794555664--0.045747995376586914--0.0491182804107666--0.05378842353820801--0.06298041343688965
288,7960.6,37.47415953669055,78.66373473200305,2,direct,rf4_s2__,22,0.001377105712890625--0.008345603942871094--0.014384269714355469--0.018398284912109375--0.021781206130981445--0.024931907653808594--0.027807235717773438--0.030396699905395508--0.03301429748535156--0.035477638244628906--0.03770899772644043--0.03993964195251465--0.04218125343322754--0.04454612731933594--0.0470585823059082--0.04983782768249512--0.05322837829589844--0.057498931884765625--0.0634152889251709--0.07665705680847168
336,8078.6,42.85523595189202,90.05752470366347,2,direct,rf4_s2__,22,0.0013549327850341797--0.011655807495117188--0.017255544662475586--0.021516799926757812--0.02509021759033203--0.028423786163330078--0.03149771690368652--0.034366607666015625--0.037177085876464844--0.03996014595031738--0.042740583419799805--0.04553723335266113--0.04855608940124512--0.05153369903564453--0.054708003997802734--0.058197975158691406--0.06250405311584473--0.06772136688232422--0.07466864585876465--0.08838295936584473
384,8613.8,46.17100552573723,95.20541324516653,2,direct,rf4_s2__,22,0.0011987686157226562--0.014284610748291016--0.02065563201904297--0.025288820266723633--0.029188871383666992--0.03246045112609863--0.03542065620422363--0.03818964958190918--0.04082155227661133--0.04346203804016113--0.0460810661315918--0.04869341850280762--0.051371097564697266--0.054143428802490234--0.057270050048828125--0.06075716018676758--0.06479835510253906--0.06999778747558594--0.07736635208129883--0.09181499481201172
432,8702.0,52.19704434618972,105.64653170273601,2,direct,rf4_s2__,22,0.00142669677734375--0.017037153244018555--0.02456498146057129--0.029422760009765625--0.033348798751831055--0.03688859939575195--0.04017925262451172--0.043227195739746094--0.046195268630981445--0.04917454719543457--0.052187442779541016--0.05508136749267578--0.05811262130737305--0.06125450134277344--0.06468391418457031--0.06860065460205078--0.07329273223876953--0.07919669151306152--0.08756351470947266--0.10323047637939453
480,9365.9,54.94348389479135,109.78875516361221,2,direct,rf4_s2__,22,0.0013594627380371094--0.014028310775756836--0.022884130477905273--0.028876066207885742--0.03375720977783203--0.03810524940490723--0.04194164276123047--0.04552197456359863--0.04899930953979492--0.05227088928222656--0.05544900894165039--0.0586092472076416--0.06175565719604492--0.06508040428161621--0.06874227523803711--0.07288169860839844--0.07773327827453613--0.08419370651245117--0.09291815757751465--0.10813283920288086
48,5558.0,8.039407730102539,17.621793746948242,2,direct,rf4_s2__,22,0.0014815330505371094--0.003923654556274414--0.004796266555786133--0.005365610122680664--0.005820751190185547--0.006272792816162109--0.006661653518676758--0.007018566131591797--0.0073969364166259766--0.007779836654663086--0.008143901824951172--0.008549690246582031--0.008989572525024414--0.009508371353149414--0.010031461715698242--0.010667800903320312--0.011457443237304688--0.012595891952514648--0.014120340347290039--0.017270803451538086
528,9514.7,59.76069468372273,115.45045015946874,2,direct,rf4_s2__,22,0.0012955665588378906--0.014996767044067383--0.025787353515625--0.032651662826538086--0.038182735443115234--0.042851924896240234--0.04684591293334961--0.050559043884277344--0.054030656814575195--0.0573728084564209--0.060778141021728516--0.0643606185913086--0.06793332099914551--0.07174944877624512--0.07601141929626465--0.08049225807189941--0.0857694149017334--0.09184813499450684--0.10020589828491211--0.1141824722290039
576,9388.3,66.45763456615197,124.57899032579574,2,direct,rf4_s2__,22,0.0014812946319580078--0.0178375244140625--0.02973198890686035--0.036968231201171875--0.04294848442077637--0.04792165756225586--0.05209040641784668--0.05595850944519043--0.05971050262451172--0.06321334838867188--0.06665492057800293--0.07011127471923828--0.07373476028442383--0.07764172554016113--0.0818796157836914--0.08658051490783691--0.09191274642944336--0.09860467910766602--0.10773062705993652--0.12336850166320801
681,9208.2,79.53335677876191,154.4870492290048,2,direct,rf4_s2__,22,0.001434326171875--0.015100240707397461--0.03178739547729492--0.042215585708618164--0.04975080490112305--0.05616116523742676--0.061661481857299805--0.06652402877807617--0.0709526538848877--0.07561779022216797--0.08005595207214355--0.08459734916687012--0.08953142166137695--0.09481930732727051--0.10045909881591797--0.10627985000610352--0.11283445358276367--0.12128901481628418--0.13324236869812012--0.1522376537322998
786,9968.4,78.82619719498787,147.5414466596987,2,direct,rf4_s2__,22,0.0012621879577636719--0.017706632614135742--0.03269386291503906--0.04291582107543945--0.051096439361572266--0.05762648582458496--0.0627603530883789--0.06722450256347656--0.07117486000061035--0.07516598701477051--0.07928991317749023--0.08356070518493652--0.0884850025177002--0.09379148483276367--0.09942388534545898--0.10550737380981445--0.1125946044921875--0.12089157104492188--0.13133668899536133--0.1465291976928711
891,10014.0,95.22298056205204,182.66138045389997,2,direct,rf4_s2__,22,0.0013370513916015625--0.014025449752807617--0.03848767280578613--0.05149078369140625--0.06154894828796387--0.07033824920654297--0.07788705825805664--0.08371090888977051--0.08835124969482422--0.09237933158874512--0.09665989875793457--0.10123848915100098--0.10650253295898438--0.11228609085083008--0.1188361644744873--0.12621688842773438--0.13504838943481445--0.1451888084411621--0.15857577323913574--0.17897891998291016
96,6765.7,14.497229031154088,26.668621569263692,2,direct,rf4_s2__,22,0.0016469955444335938--0.005698204040527344--0.0074748992919921875--0.008860349655151367--0.009965181350708008--0.010907888412475586--0.01175689697265625--0.012500524520874023--0.013270139694213867--0.013944625854492188--0.014618873596191406--0.015291690826416016--0.01603388786315918--0.016824722290039062--0.017658710479736328--0.018590450286865234--0.019743680953979492--0.021152257919311523--0.023169517517089844--0.02658247947692871
996,9938.9,108.0351692947311,213.60971340582,2,direct,rf4_s2__,22,0.0014126300811767578--0.015465974807739258--0.04323530197143555--0.05789995193481445--0.0673830509185791--0.077880859375--0.08766794204711914--0.0949397087097168--0.10029363632202148--0.1046288013458252--0.1087179183959961--0.11301302909851074--0.11791205406188965--0.1240684986114502--0.1320199966430664--0.14223670959472656--0.1529083251953125--0.16588306427001953--0.18378448486328125--0.20860028266906738
144,10434.5,11.67230246818229,35.53706979098385,4,direct,rf4_s2__,21,0.0014111995697021484--0.00452876091003418--0.00580143928527832--0.006738901138305664--0.007522106170654297--0.008208513259887695--0.008887767791748047--0.009557485580444336--0.010257720947265625--0.010939598083496094--0.011642217636108398--0.012431144714355469--0.01325225830078125--0.014109373092651367--0.01516866683959961--0.01645517349243164--0.01806807518005371--0.020275354385375977--0.024312734603881836--0.03335309028625488
192,13958.1,12.840069446367087,29.42963236386014,4,direct,rf4_s2__,21,0.0013718605041503906--0.004868030548095703--0.006448268890380859--0.007597923278808594--0.008550882339477539--0.00937509536743164--0.010125398635864258--0.01083064079284668--0.011511802673339844--0.01217508316040039--0.012873172760009766--0.01357579231262207--0.014327526092529297--0.015122413635253906--0.016056299209594727--0.01711869239807129--0.01835775375366211--0.020070552825927734--0.022619247436523438--0.027999401092529297
240,15222.9,15.289545059204102,32.704086343118966,4,direct,rf4_s2__,21,0.0014309883117675781--0.005826234817504883--0.007800102233886719--0.00911259651184082--0.010239601135253906--0.011194467544555664--0.01207113265991211--0.01291513442993164--0.01369166374206543--0.014470100402832031--0.015285730361938477--0.016101360321044922--0.01700305938720703--0.017918109893798828--0.01896500587463379--0.020160436630249023--0.02162456512451172--0.023423194885253906--0.026078224182128906--0.031569719314575195
288,15557.8,17.78726577758789,40.48408804268673,4,direct,rf4_s2__,21,0.0013623237609863281--0.006453037261962891--0.008523941040039062--0.010140657424926758--0.01147913932800293--0.012690067291259766--0.013759374618530273--0.014769554138183594--0.015778779983520508--0.016776084899902344--0.01768660545349121--0.01871490478515625--0.0197906494140625--0.02096843719482422--0.022233009338378906--0.02379441261291504--0.025602340698242188--0.027940034866333008--0.031527042388916016--0.03888750076293945
336,15197.8,21.49710570566753,50.3149251260701,4,direct,rf4_s2__,21,0.001516580581665039--0.007325172424316406--0.009928464889526367--0.01189422607421875--0.013647079467773438--0.01510477066040039--0.01642584800720215--0.01770806312561035--0.01894688606262207--0.02019476890563965--0.021399497985839844--0.022739887237548828--0.024021387100219727--0.025429487228393555--0.02698349952697754--0.0287935733795166--0.030946731567382812--0.03376603126525879--0.037999868392944336--0.04787850379943848
384,14922.1,24.747708918517116,61.834206852888194,4,direct,rf4_s2__,21,0.001201629638671875--0.007403850555419922--0.010573148727416992--0.012926816940307617--0.014965295791625977--0.01678752899169922--0.01849675178527832--0.020105361938476562--0.02164936065673828--0.023198843002319336--0.02472066879272461--0.02623772621154785--0.02788233757019043--0.029661178588867188--0.031620025634765625--0.0339663028717041--0.03682303428649902--0.0406954288482666--0.04624795913696289--0.0585479736328125
432,15563.3,26.73530194067186,71.47255526160315,4,direct,rf4_s2__,21,0.0014564990997314453--0.006865024566650391--0.010129213333129883--0.01287388801574707--0.015213727951049805--0.017361879348754883--0.019420385360717773--0.021236181259155273--0.023043394088745117--0.02478170394897461--0.026656627655029297--0.02848362922668457--0.03034496307373047--0.03244924545288086--0.034690141677856445--0.03736758232116699--0.04068946838378906--0.04508495330810547--0.05237698554992676--0.06854033470153809
480,15130.1,30.773657980796212,81.6546599399994,4,direct,rf4_s2__,21,0.0014846324920654297--0.007371425628662109--0.011362552642822266--0.014563560485839844--0.017202138900756836--0.019632339477539062--0.02188730239868164--0.024147748947143555--0.026351451873779297--0.0285031795501709--0.03067779541015625--0.03298377990722656--0.03535819053649902--0.03784680366516113--0.040743112564086914--0.04406285285949707--0.04799985885620117--0.05333971977233887--0.06148838996887207--0.07823371887207031
48,11414.8,3.9387989044189453,8.547201156616211,4,direct,rf4_s2__,21,0.0012660026550292969--0.002260446548461914--0.002897024154663086--0.0031278133392333984--0.003286123275756836--0.00342559814453125--0.0035424232482910156--0.0036602020263671875--0.0037779808044433594--0.0038857460021972656--0.004006385803222656--0.004131317138671875--0.004266977310180664--0.004418134689331055--0.004616498947143555--0.0048274993896484375--0.005140542984008789--0.0055522918701171875--0.006342411041259766--0.008277177810668945
528,17584.6,30.758705678975808,71.48832060256095,4,direct,rf4_s2__,21,0.0012862682342529297--0.007283210754394531--0.01161503791809082--0.014953851699829102--0.017629384994506836--0.020145654678344727--0.022411823272705078--0.024666309356689453--0.0267486572265625--0.028737783432006836--0.030743837356567383--0.03276515007019043--0.034827470779418945--0.037042856216430664--0.0394282341003418--0.04211688041687012--0.0455470085144043--0.050017595291137695--0.05669426918029785--0.06991767883300781
576,18102.1,32.05817710982062,80.26095863857071,4,direct,rf4_s2__,21,0.001474618911743164--0.006016254425048828--0.009788990020751953--0.013667106628417969--0.016928911209106445--0.019923925399780273--0.022694826126098633--0.025238513946533203--0.02766561508178711--0.02999424934387207--0.03239297866821289--0.03479194641113281--0.03730940818786621--0.039911508560180664--0.04281759262084961--0.04610466957092285--0.05002284049987793--0.05533862113952637--0.06332135200500488--0.07863473892211914
681,18871.3,37.64467288250455,82.6803133393451,4,direct,rf4_s2__,21,0.0012881755828857422--0.00712275505065918--0.013254642486572266--0.017964839935302734--0.021612882614135742--0.024939775466918945--0.027886629104614258--0.030560731887817383--0.03310561180114746--0.0357053279876709--0.03820514678955078--0.04065299034118652--0.043270111083984375--0.0460817813873291--0.049039363861083984--0.05247211456298828--0.056568145751953125--0.06166410446166992--0.06906437873840332--0.08155059814453125
786,19115.6,43.291802922631526,91.47638849392058,4,direct,rf4_s2__,21,0.0011448860168457031--0.007753133773803711--0.015313148498535156--0.020848751068115234--0.025177001953125--0.028879165649414062--0.03223776817321777--0.03525042533874512--0.03810524940490723--0.040938377380371094--0.04373002052307129--0.04657435417175293--0.04948925971984863--0.052584171295166016--0.05589437484741211--0.059584856033325195--0.06395983695983887--0.0693659782409668--0.07725882530212402--0.09006094932556152
891,19713.1,45.85535991826706,93.0121771682649,4,direct,rf4_s2__,21,0.001234292984008789--0.00974893569946289--0.016817092895507812--0.022532939910888672--0.027118444442749023--0.030984163284301758--0.03438282012939453--0.037499189376831055--0.04050421714782715--0.0433802604675293--0.04618334770202637--0.048947811126708984--0.05176544189453125--0.05474686622619629--0.05798625946044922--0.06160688400268555--0.06593990325927734--0.07117009162902832--0.07836508750915527--0.09160447120666504
96,13628.3,7.026173630539252,13.582348823547363,4,direct,rf4_s2__,21,0.0015192031860351562--0.0035505294799804688--0.00435185432434082--0.004850149154663086--0.0052301883697509766--0.005545854568481445--0.005848407745361328--0.0061566829681396484--0.006447315216064453--0.006732940673828125--0.0070340633392333984--0.007363557815551758--0.00767827033996582--0.008038997650146484--0.008481264114379883--0.008913040161132812--0.009490966796875--0.010262250900268555--0.011377573013305664--0.013443946838378906
996,19717.9,54.03645048218389,109.16247387086192,4,direct,rf4_s2__,21,0.0012850761413574219--0.010361671447753906--0.019829273223876953--0.02696084976196289--0.032433271408081055--0.036965370178222656--0.04094576835632324--0.044656991958618164--0.048027992248535156--0.05132555961608887--0.0545201301574707--0.05775594711303711--0.06105685234069824--0.06450104713439941--0.0682363510131836--0.07240152359008789--0.07738661766052246--0.08360600471496582--0.09252476692199707--0.10757684707641602
144,86335.1,1.5031785181123916,3.8984948641633332,4,direct,rf8_s1__,12,0.000415802001953125--0.0008189678192138672--0.000982522964477539--0.0010683536529541016--0.001127481460571289--0.0011844635009765625--0.0012433528900146484--0.0013041496276855469--0.0013659000396728516--0.001430511474609375--0.0015027523040771484--0.0015850067138671875--0.0016760826110839844--0.0017783641815185547--0.0018992424011230469--0.002050161361694336--0.0022554397583007812--0.0025260448455810547--0.002973318099975586--0.0038602352142333984
192,92327.7,1.7736781503736359,5.560936387052241,4,direct,rf8_s1__,12,0.0004413127899169922--0.0009407997131347656--0.0010974407196044922--0.0011894702911376953--0.0012676715850830078--0.001341104507446289--0.0014119148254394531--0.0014889240264892578--0.0015735626220703125--0.0016629695892333984--0.0017635822296142578--0.0018725395202636719--0.001991748809814453--0.00212860107421875--0.0022957324981689453--0.002505064010620117--0.002785205841064453--0.003194093704223633--0.00388336181640625--0.00537109375
240,100401.6,1.906884603263918,7.176424846176274,4,direct,rf8_s1__,12,0.00044846534729003906--0.000997781753540039--0.00115203857421875--0.0012500286102294922--0.0013341903686523438--0.0014140605926513672--0.0014996528625488281--0.0015840530395507812--0.0016791820526123047--0.0017778873443603516--0.0018894672393798828--0.00200653076171875--0.0021486282348632812--0.0023064613342285156--0.002505779266357422--0.0027565956115722656--0.0031130313873291016--0.0036330223083496094--0.004537820816040039--0.006819486618041992
288,102546.5,2.1099772946587922,9.401298391407934,4,direct,rf8_s1__,12,0.0004801750183105469--0.001088857650756836--0.0012438297271728516--0.0013501644134521484--0.0014491081237792969--0.0015406608581542969--0.001634359359741211--0.001737833023071289--0.0018389225006103516--0.001950979232788086--0.0020782947540283203--0.002218008041381836--0.0023899078369140625--0.002599477767944336--0.0028603076934814453--0.0031881332397460938--0.003628969192504883--0.004316568374633789--0.005671501159667969--0.008940935134887695
336,104036.6,2.2490567709567277,11.873109806218796,4,direct,rf8_s1__,12,0.00045752525329589844--0.0011305809020996094--0.0012967586517333984--0.0014116764068603516--0.0015189647674560547--0.0016252994537353516--0.001729726791381836--0.0018382072448730469--0.0019507408142089844--0.002075672149658203--0.0022139549255371094--0.002372264862060547--0.0025610923767089844--0.0027875900268554688--0.0030748844146728516--0.00345611572265625--0.004004240036010742--0.004869937896728516--0.006608724594116211--0.011232376098632812
384,104564.7,2.418872605951339,14.231448964133781,4,direct,rf8_s1__,12,0.0004360675811767578--0.0011889934539794922--0.0013582706451416016--0.0014853477478027344--0.0016057491302490234--0.0017242431640625--0.0018374919891357422--0.001961231231689453--0.0020890235900878906--0.0022270679473876953--0.0023806095123291016--0.0025544166564941406--0.0027616024017333984--0.0030219554901123047--0.0033621788024902344--0.0038177967071533203--0.004497528076171875--0.005606174468994141--0.008073568344116211--0.013457536697387695
432,105264.0,2.5186901268321797,17.041622218997798,4,direct,rf8_s1__,12,0.0004165172576904297--0.001207590103149414--0.001386404037475586--0.0015227794647216797--0.0016491413116455078--0.001772165298461914--0.0018949508666992188--0.0020198822021484375--0.0021533966064453125--0.0023016929626464844--0.002471446990966797--0.002663135528564453--0.0028924942016601562--0.0031731128692626953--0.003545522689819336--0.0040740966796875--0.004862308502197266--0.006264925003051758--0.009131669998168945--0.015831947326660156
480,105466.1,2.6013569218489145,19.318718633216445,4,direct,rf8_s1__,12,0.0004398822784423828--0.0012392997741699219--0.00142669677734375--0.0015671253204345703--0.001699686050415039--0.0018246173858642578--0.0019469261169433594--0.002074718475341797--0.0022165775299072266--0.0023779869079589844--0.002553701400756836--0.0027532577514648438--0.0030002593994140625--0.003302335739135742--0.003699779510498047--0.004247188568115234--0.005116701126098633--0.0066928863525390625--0.009881734848022461--0.017636537551879883
48,49776.5,1.0001754760742188,1.6191625595092773,4,direct,rf8_s1__,12,0.0004215240478515625--0.0005633831024169922--0.000652313232421875--0.0007691383361816406--0.0008249282836914062--0.0008709430694580078--0.0009057521820068359--0.0009374618530273438--0.0009653568267822266--0.0009922981262207031--0.0010170936584472656--0.00104522705078125--0.00107574462890625--0.0011065006256103516--0.0011425018310546875--0.0011856555938720703--0.001234292984008789--0.001306772232055664--0.0014007091522216797--0.001590728759765625
528,106377.0,2.698335107767357,21.73040857854879,4,direct,rf8_s1__,12,0.000396728515625--0.0012402534484863281--0.00144195556640625--0.0015912055969238281--0.0017292499542236328--0.0018627643585205078--0.001993417739868164--0.002134084701538086--0.0022840499877929688--0.002450227737426758--0.002643108367919922--0.002863168716430664--0.0031325817108154297--0.0034606456756591797--0.003894329071044922--0.004536867141723633--0.005490779876708984--0.007111072540283203--0.01077413558959961--0.019399166107177734
576,109675.7,2.7424860165605907,23.66649444540479,4,direct,rf8_s1__,12,0.00042700767517089844--0.0011551380157470703--0.001401662826538086--0.001566171646118164--0.0017147064208984375--0.0018584728240966797--0.0020008087158203125--0.0021495819091796875--0.002312183380126953--0.0024878978729248047--0.0026865005493164062--0.002920866012573242--0.003211498260498047--0.0035610198974609375--0.004034757614135742--0.0046994686126708984--0.005731821060180664--0.007605314254760742--0.011220216751098633--0.020995378494262695
681,110021.5,2.8407350291619364,28.034135502917177,4,direct,rf8_s1__,12,0.0004248619079589844--0.001199483871459961--0.0014307498931884766--0.0015952587127685547--0.0017485618591308594--0.0018956661224365234--0.0020444393157958984--0.0022008419036865234--0.002368927001953125--0.002557039260864258--0.0027642250061035156--0.0030198097229003906--0.0033273696899414062--0.003713369369506836--0.004217863082885742--0.004941701889038086--0.006094932556152344--0.008177995681762695--0.012405157089233398--0.024644851684570312
786,111160.3,2.9840621801898304,33.10575448643521,4,direct,rf8_s1__,12,0.00042939186096191406--0.0011975765228271484--0.0014472007751464844--0.0016293525695800781--0.0017952919006347656--0.0019519329071044922--0.0021157264709472656--0.0022897720336914062--0.0024747848510742188--0.0026810169219970703--0.0029175281524658203--0.0031964778900146484--0.003538846969604492--0.00397491455078125--0.00455474853515625--0.005408048629760742--0.006711006164550781--0.009077310562133789--0.013879776000976562--0.02833271026611328
891,111926.0,3.051714026781106,37.86969825642106,4,direct,rf8_s1__,12,0.00043201446533203125--0.0012311935424804688--0.0014722347259521484--0.0016562938690185547--0.0018274784088134766--0.001986980438232422--0.002149820327758789--0.0023207664489746094--0.0025153160095214844--0.0027256011962890625--0.0029714107513427734--0.0032706260681152344--0.0036270618438720703--0.004081010818481445--0.004688262939453125--0.005571126937866211--0.006978034973144531--0.009600162506103516--0.014913558959960938--0.031279563903808594
96,82893.1,1.1277028492518835,2.211179052080427,4,direct,rf8_s1__,12,0.0004107952117919922--0.0006299018859863281--0.0007789134979248047--0.0008757114410400391--0.0009267330169677734--0.0009644031524658203--0.0009982585906982422--0.0010313987731933594--0.0010640621185302734--0.0010974407196044922--0.0011339187622070312--0.001173257827758789--0.0012199878692626953--0.0012755393981933594--0.0013346672058105469--0.0014138221740722656--0.0015223026275634766--0.0016629695892333984--0.0018391609191894531--0.0021991729736328125
996,112674.6,3.197259797839698,42.11623754673348,4,direct,rf8_s1__,12,0.00041604042053222656--0.0012590885162353516--0.001501321792602539--0.0016913414001464844--0.0018625259399414062--0.002034902572631836--0.0022115707397460938--0.002398967742919922--0.0026073455810546875--0.002839803695678711--0.00310516357421875--0.0034198760986328125--0.0038170814514160156--0.004315853118896484--0.0049648284912109375--0.005900144577026367--0.007364511489868164--0.010056018829345703--0.0158233642578125--0.03446698188781738
144,145145.8,1.03086967990823,1.7014774557662338,8,direct,rf8_s1__,11,0.0004067420959472656--0.0005657672882080078--0.0006811618804931641--0.0007913112640380859--0.0008490085601806641--0.0008893013000488281--0.0009219646453857422--0.000949859619140625--0.0009768009185791016--0.0010027885437011719--0.0010313987731933594--0.0010609626770019531--0.0010919570922851562--0.0011289119720458984--0.0011720657348632812--0.0012221336364746094--0.0012841224670410156--0.0013642311096191406--0.0014841556549072266--0.0017011165618896484
192,159864.2,1.1937397042500604,2.408325057668784,8,direct,rf8_s1__,11,0.0004012584686279297--0.0006346702575683594--0.0007939338684082031--0.0008914470672607422--0.0009448528289794922--0.0009870529174804688--0.0010235309600830078--0.0010585784912109375--0.0010967254638671875--0.0011358261108398438--0.0011801719665527344--0.00122833251953125--0.0012836456298828125--0.0013430118560791016--0.0014219284057617188--0.001512765884399414--0.00162506103515625--0.0017652511596679688--0.0019867420196533203--0.002390623092651367
240,163771.0,1.387400075423816,3.2477162101052026,8,direct,rf8_s1__,11,0.0004172325134277344--0.0007328987121582031--0.0009086132049560547--0.0009913444519042969--0.001050710678100586--0.0011026859283447266--0.0011501312255859375--0.0012006759643554688--0.0012536048889160156--0.0013120174407958984--0.0013747215270996094--0.001443624496459961--0.001520395278930664--0.0016102790832519531--0.0017170906066894531--0.0018451213836669922--0.0020105838775634766--0.002225160598754883--0.0025682449340820312--0.0032019615173339844
288,161617.8,1.6281744529461037,4.389600096077754,8,direct,rf8_s1__,11,0.000431060791015625--0.0008542537689208984--0.0010280609130859375--0.001116037368774414--0.0011844635009765625--0.0012476444244384766--0.0013120174407958984--0.0013790130615234375--0.0014505386352539062--0.0015285015106201172--0.0016107559204101562--0.0017037391662597656--0.00180816650390625--0.0019237995147705078--0.0020613670349121094--0.0022308826446533203--0.002451658248901367--0.0027577877044677734--0.0032553672790527344--0.004298686981201172
336,170255.1,1.7456521649332442,5.1218821452214165,8,direct,rf8_s1__,11,0.00043892860412597656--0.0008981227874755859--0.0010616779327392578--0.001157522201538086--0.0012345314025878906--0.0013079643249511719--0.0013790130615234375--0.0014536380767822266--0.0015366077423095703--0.001626729965209961--0.0017216205596923828--0.0018239021301269531--0.00194549560546875--0.002084970474243164--0.002246856689453125--0.0024399757385253906--0.0026993751525878906--0.0030760765075683594--0.0037178993225097656--0.00499415397644043
384,177032.0,1.8581090195809005,6.137246294960457,8,direct,rf8_s1__,11,0.00044155120849609375--0.0009481906890869141--0.0011069774627685547--0.0012054443359375--0.0012924671173095703--0.0013718605041503906--0.0014495849609375--0.0015330314636230469--0.001626729965209961--0.0017235279083251953--0.0018312931060791016--0.0019540786743164062--0.0020880699157714844--0.002238750457763672--0.002417325973510742--0.002640962600708008--0.002942323684692383--0.0033864974975585938--0.004166603088378906--0.0058214664459228516
432,188778.2,1.8822042623423212,6.597697460156981,8,direct,rf8_s1__,11,0.0004284381866455078--0.0009531974792480469--0.001110076904296875--0.0012078285217285156--0.0012960433959960938--0.0013773441314697266--0.0014617443084716797--0.0015473365783691406--0.001641988754272461--0.0017402172088623047--0.0018498897552490234--0.00197601318359375--0.0021142959594726562--0.002275228500366211--0.002470254898071289--0.002714872360229492--0.003042936325073242--0.0035207271575927734--0.0043714046478271484--0.006350040435791016
480,193136.7,1.9615151575492131,7.76445816166668,8,direct,rf8_s1__,11,0.00043463706970214844--0.001004934310913086--0.0011608600616455078--0.001260995864868164--0.0013475418090820312--0.0014324188232421875--0.0015194416046142578--0.0016107559204101562--0.0017077922821044922--0.0018146038055419922--0.0019330978393554688--0.0020639896392822266--0.0022118091583251953--0.0023910999298095703--0.002603292465209961--0.0028781890869140625--0.0032644271850585938--0.0038356781005859375--0.004861354827880859--0.007343769073486328
48,48512.4,1.0202646255493164,1.7208290100097656,8,direct,rf8_s1__,11,0.0004210472106933594--0.0005960464477539062--0.0007030963897705078--0.0008144378662109375--0.0008647441864013672--0.0008974075317382812--0.0009284019470214844--0.0009543895721435547--0.0009827613830566406--0.0010106563568115234--0.0010368824005126953--0.0010662078857421875--0.0010974407196044922--0.0011336803436279297--0.001180887222290039--0.001238107681274414--0.0013005733489990234--0.001394033432006836--0.0015354156494140625--0.0017282962799072266
528,195577.2,2.06199142168153,9.048914009670042,8,direct,rf8_s1__,11,0.0004429817199707031--0.0010311603546142578--0.0011868476867675781--0.0012955665588378906--0.0013930797576904297--0.0014827251434326172--0.0015783309936523438--0.001678466796875--0.001781463623046875--0.0018944740295410156--0.0020232200622558594--0.0021657943725585938--0.0023272037506103516--0.0025331974029541016--0.0027801990509033203--0.003093719482421875--0.00353240966796875--0.004213571548461914--0.005491495132446289--0.008568286895751953
576,201017.8,2.09936386161197,9.908605611860546,8,direct,rf8_s1__,11,0.0004189014434814453--0.0010204315185546875--0.0011889934539794922--0.0013072490692138672--0.0014078617095947266--0.0015044212341308594--0.0016024112701416016--0.0017044544219970703--0.0018160343170166016--0.0019333362579345703--0.002063751220703125--0.0022084712982177734--0.0023779869079589844--0.0025844573974609375--0.002831697463989258--0.0031604766845703125--0.0036323070526123047--0.004380226135253906--0.005844593048095703--0.009297370910644531
681,204494.1,2.2097068674424114,12.645884121165556,8,direct,rf8_s1__,11,0.0003941059112548828--0.001047372817993164--0.0012288093566894531--0.0013511180877685547--0.0014598369598388672--0.0015635490417480469--0.0016710758209228516--0.0017828941345214844--0.0019004344940185547--0.0020284652709960938--0.002167224884033203--0.002330780029296875--0.002521991729736328--0.0027511119842529297--0.003053426742553711--0.003446340560913086--0.004024982452392578--0.004990339279174805--0.006885051727294922--0.01179957389831543
786,208785.0,2.290168385596792,15.223046624736421,8,direct,rf8_s1__,11,0.0003902912139892578--0.0010437965393066406--0.0012288093566894531--0.0013628005981445312--0.0014810562133789062--0.001596689224243164--0.0017142295837402344--0.0018322467803955078--0.0019562244415283203--0.0020911693572998047--0.0022439956665039062--0.0024192333221435547--0.002626180648803711--0.002876758575439453--0.003208160400390625--0.0036635398864746094--0.004321098327636719--0.005440235137939453--0.0077970027923583984--0.013810873031616211
891,212631.2,2.3316945922508667,17.453383327869886,8,direct,rf8_s1__,11,0.00041222572326660156--0.0010530948638916016--0.0012433528900146484--0.0013780593872070312--0.0014979839324951172--0.0016188621520996094--0.0017375946044921875--0.0018582344055175781--0.0019884109497070312--0.0021283626556396484--0.0022847652435302734--0.002468109130859375--0.0026788711547851562--0.0029404163360595703--0.003283977508544922--0.003746509552001953--0.004448890686035156--0.00568842887878418--0.008260726928710938--0.015200138092041016
96,99381.8,1.0238399310987822,1.6013578492767957,8,direct,rf8_s1__,11,0.0003883838653564453--0.0005719661712646484--0.0006740093231201172--0.0007886886596679688--0.0008451938629150391--0.0008852481842041016--0.0009167194366455078--0.0009472370147705078--0.0009756088256835938--0.0010046958923339844--0.0010306835174560547--0.0010590553283691406--0.0010898113250732422--0.0011250972747802734--0.0011610984802246094--0.0012061595916748047--0.0012574195861816406--0.0013318061828613281--0.0014269351959228516--0.0016093254089355469
996,215137.7,2.3756462239450022,19.56237323822514,8,direct,rf8_s1__,11,0.0004100799560546875--0.0010683536529541016--0.0012600421905517578--0.0013966560363769531--0.0015223026275634766--0.0016429424285888672--0.0017681121826171875--0.0018918514251708984--0.0020248889923095703--0.002171754837036133--0.0023360252380371094--0.002520322799682617--0.0027387142181396484--0.003013134002685547--0.0033767223358154297--0.003876209259033203--0.0046215057373046875--0.005919933319091797--0.008870124816894531--0.016857624053955078
144,12041.5,11.080913347740696,24.62509070357231,4,direct,rf8_s2__,22,0.0015857219696044922--0.004810810089111328--0.006057262420654297--0.006942272186279297--0.007670402526855469--0.008337259292602539--0.008880376815795898--0.00940084457397461--0.0099639892578125--0.010515451431274414--0.011063337326049805--0.01164555549621582--0.012283563613891602--0.012998580932617188--0.013758420944213867--0.014684200286865234--0.015797853469848633--0.01718282699584961--0.019240856170654297--0.023697376251220703
192,12932.6,13.966999103113547,30.863501361964904,4,direct,rf8_s2__,22,0.001561880111694336--0.0052220821380615234--0.007045269012451172--0.008365154266357422--0.009328842163085938--0.010236263275146484--0.01105356216430664--0.011785745620727539--0.012482166290283203--0.013234138488769531--0.013969898223876953--0.014761209487915039--0.01559758186340332--0.016442060470581055--0.01734781265258789--0.018445253372192383--0.019819974899291992--0.021639347076416016--0.024327993392944336--0.029346942901611328
240,13582.3,16.57337393642457,37.318939019825834,4,direct,rf8_s2__,22,0.0015392303466796875--0.004712343215942383--0.0074656009674072266--0.009305000305175781--0.010694742202758789--0.01188206672668457--0.01295781135559082--0.0139617919921875--0.014843225479125977--0.015737056732177734--0.0166778564453125--0.017586708068847656--0.018614530563354492--0.01968693733215332--0.020887136459350586--0.022256851196289062--0.023943662643432617--0.026042461395263672--0.029230117797851562--0.03562283515930176
288,13435.3,19.98418117391652,51.70205297141239,4,direct,rf8_s2__,22,0.0015044212341308594--0.006241321563720703--0.00887918472290039--0.010877370834350586--0.0125274658203125--0.013947725296020508--0.015259027481079102--0.016458511352539062--0.017603635787963867--0.01875758171081543--0.01997661590576172--0.021114587783813477--0.022362709045410156--0.02375197410583496--0.02529144287109375--0.027065277099609375--0.029123306274414062--0.03199887275695801--0.036516666412353516--0.046722412109375
336,14030.4,22.901278981090297,57.97952872056227,4,direct,rf8_s2__,22,0.0015044212341308594--0.007088661193847656--0.009927511215209961--0.012097835540771484--0.013915777206420898--0.015614032745361328--0.01718425750732422--0.01865530014038086--0.02005171775817871--0.021451473236083984--0.02286052703857422--0.024238109588623047--0.025722980499267578--0.027329206466674805--0.029115676879882812--0.031154394149780273--0.033666133880615234--0.03686928749084473--0.042196035385131836--0.05413198471069336
384,14431.9,25.57829006965914,65.90837827000593,4,direct,rf8_s2__,22,0.0015218257904052734--0.0075261592864990234--0.010788440704345703--0.013326644897460938--0.01544189453125--0.01733994483947754--0.019137859344482422--0.020790576934814453--0.022376298904418945--0.023898601531982422--0.0255281925201416--0.027089357376098633--0.0287473201751709--0.03055882453918457--0.03250551223754883--0.034829139709472656--0.0377352237701416--0.04146981239318848--0.04755377769470215--0.06134176254272461
432,14242.3,29.580602997459025,78.79960866567725,4,direct,rf8_s2__,22,0.0014925003051757812--0.007822751998901367--0.011553049087524414--0.014501810073852539--0.017040014266967773--0.01945185661315918--0.02155160903930664--0.023574352264404297--0.02557229995727539--0.02750706672668457--0.02946639060974121--0.03151106834411621--0.0336148738861084--0.03593039512634277--0.03830671310424805--0.04125332832336426--0.044950008392333984--0.04979872703552246--0.05784916877746582--0.07508111000061035
480,15093.7,32.45517673334145,72.66469268877971,4,direct,rf8_s2__,22,0.001561880111694336--0.009655237197875977--0.013844490051269531--0.01698136329650879--0.019693851470947266--0.022070884704589844--0.024283647537231445--0.02646780014038086--0.02843642234802246--0.030399084091186523--0.0323636531829834--0.03432798385620117--0.03639984130859375--0.038667917251586914--0.04101991653442383--0.04374194145202637--0.04704451560974121--0.05129384994506836--0.05747652053833008--0.07080459594726562
48,8741.4,4.658608436584473,11.904745101928711,4,direct,rf8_s2__,22,0.0015070438385009766--0.002665281295776367--0.003239870071411133--0.0035140514373779297--0.003737211227416992--0.003922939300537109--0.004078865051269531--0.004235982894897461--0.0043981075286865234--0.004567146301269531--0.004749774932861328--0.004930019378662109--0.005144357681274414--0.005378007888793945--0.005651235580444336--0.006017208099365234--0.006528615951538086--0.007367610931396484--0.008650541305541992--0.011571884155273438
528,16351.2,32.41698022158641,80.60937782503524,4,direct,rf8_s2__,22,0.0013995170593261719--0.0073528289794921875--0.011634111404418945--0.015035152435302734--0.018015623092651367--0.020756006240844727--0.023311138153076172--0.025733470916748047--0.02807331085205078--0.030346393585205078--0.03248453140258789--0.03475785255432129--0.037076473236083984--0.03954625129699707--0.04232668876647949--0.04555392265319824--0.04954266548156738--0.05482339859008789--0.06297016143798828--0.07916522026062012
576,17310.6,34.00446551893822,80.83800007315243,4,direct,rf8_s2__,22,0.0014622211456298828--0.0064733028411865234--0.0112762451171875--0.015319108963012695--0.018601417541503906--0.02154254913330078--0.024298429489135742--0.026926279067993164--0.02935338020324707--0.03178882598876953--0.03426313400268555--0.03673505783081055--0.03917717933654785--0.04183673858642578--0.04471778869628906--0.04790616035461426--0.051705360412597656--0.05673098564147949--0.0644078254699707--0.07925200462341309
681,17674.0,39.598939689963046,89.48006869418934,4,direct,rf8_s2__,22,0.0014176368713378906--0.008102893829345703--0.014007568359375--0.01864767074584961--0.022417783737182617--0.02572321891784668--0.02877354621887207--0.0317082405090332--0.0344691276550293--0.03721928596496582--0.03992056846618652--0.042618513107299805--0.045316457748413086--0.048323869705200195--0.05145120620727539--0.054978370666503906--0.0590815544128418--0.06448125839233398--0.0724022388458252--0.08766627311706543
786,17784.0,46.93104379673294,97.41343671295243,4,direct,rf8_s2__,22,0.0014405250549316406--0.009686470031738281--0.01763439178466797--0.02324652671813965--0.02770519256591797--0.031555891036987305--0.035031795501708984--0.03828883171081543--0.04134774208068848--0.04437708854675293--0.04723477363586426--0.05021834373474121--0.05328559875488281--0.056446075439453125--0.05982041358947754--0.06362128257751465--0.06804585456848145--0.07380485534667969--0.08161401748657227--0.09598278999328613
891,18067.8,52.86454859744297,106.23259383640932,4,direct,rf8_s2__,22,0.0014057159423828125--0.009672880172729492--0.019908428192138672--0.026769638061523438--0.03187370300292969--0.03626441955566406--0.040169715881347656--0.043752193450927734--0.04710698127746582--0.05029916763305664--0.053494930267333984--0.05662083625793457--0.05985617637634277--0.06326174736022949--0.06696081161499023--0.07096982002258301--0.07578134536743164--0.08173537254333496--0.089935302734375--0.10487031936645508
96,11157.8,8.035246206789601,16.376128002088898,4,direct,rf8_s2__,22,0.0014011859893798828--0.003916025161743164--0.004782676696777344--0.005396842956542969--0.005871772766113281--0.006279945373535156--0.00664973258972168--0.007010936737060547--0.007375955581665039--0.00771331787109375--0.00807809829711914--0.008460760116577148--0.008872509002685547--0.009332656860351562--0.009821891784667969--0.010390281677246094--0.011087656021118164--0.012041091918945312--0.013463973999023438--0.015941858291625977
996,18161.6,59.48175958736626,117.53724906630889,4,direct,rf8_s2__,22,0.0015082359313964844--0.010801076889038086--0.02220916748046875--0.030247926712036133--0.036194562911987305--0.04107856750488281--0.04533219337463379--0.04933500289916992--0.053019046783447266--0.05656886100769043--0.060118675231933594--0.06359195709228516--0.06717085838317871--0.07088494300842285--0.0748443603515625--0.07907629013061523--0.08405184745788574--0.09032630920410156--0.09924960136413574--0.11606431007385254
144,23468.6,5.961272814502455,11.449477443956349,8,direct,rf8_s2__,21,0.0014574527740478516--0.003197908401489258--0.0038292407989501953--0.00425267219543457--0.004557371139526367--0.00482487678527832--0.0050771236419677734--0.005297422409057617--0.005509376525878906--0.0057370662689208984--0.005954742431640625--0.00618433952331543--0.006447553634643555--0.0067234039306640625--0.007039546966552734--0.007410287857055664--0.007856130599975586--0.008491277694702148--0.009368896484375--0.011257648468017578
192,22293.3,8.14857065063162,17.32533248429446,8,direct,rf8_s2__,21,0.001699209213256836--0.0039865970611572266--0.004953145980834961--0.005543231964111328--0.006013393402099609--0.006400346755981445--0.006768941879272461--0.007113218307495117--0.007460832595825195--0.007806062698364258--0.00815582275390625--0.00855255126953125--0.008945703506469727--0.009383201599121094--0.009891748428344727--0.010468482971191406--0.011167526245117188--0.012193918228149414--0.013702392578125--0.0167081356048584
240,24047.0,9.648618619304058,19.98248967257413,8,direct,rf8_s2__,21,0.001621246337890625--0.004374027252197266--0.005570173263549805--0.006348371505737305--0.006960630416870117--0.007474660873413086--0.007945060729980469--0.008358240127563477--0.008773088455200195--0.009202957153320312--0.009638071060180664--0.01009988784790039--0.010589122772216797--0.011144161224365234--0.011749982833862305--0.012441396713256836--0.013315916061401367--0.014445066452026367--0.01616215705871582--0.019523143768310547
288,24606.7,11.158760662736563,23.51202389289593,8,direct,rf8_s2__,21,0.0015385150909423828--0.0047266483306884766--0.006123542785644531--0.0071027278900146484--0.007833480834960938--0.008446455001831055--0.008993148803710938--0.009531259536743164--0.010070562362670898--0.010596752166748047--0.01112508773803711--0.011712789535522461--0.012319326400756836--0.013008594512939453--0.013769149780273438--0.014626264572143555--0.015683412551879883--0.0169985294342041--0.018924713134765625--0.0227200984954834
336,25852.3,12.516117660251595,27.284132658377203,8,direct,rf8_s2__,21,0.0012485980987548828--0.005036354064941406--0.0066111087799072266--0.007691860198974609--0.00854802131652832--0.009293556213378906--0.00996088981628418--0.010586261749267578--0.01120138168334961--0.01183462142944336--0.012499332427978516--0.013159036636352539--0.013852834701538086--0.014583110809326172--0.015430450439453125--0.016438961029052734--0.017621994018554688--0.019116878509521484--0.021291494369506836--0.025678396224975586
384,20260.1,15.149178900249265,63.34207774443948,8,direct,rf8_s2__,21,0.0015320777893066406--0.005023002624511719--0.006676673889160156--0.008016586303710938--0.009161233901977539--0.010167837142944336--0.011170387268066406--0.01212763786315918--0.0130767822265625--0.014055013656616211--0.015045881271362305--0.01615285873413086--0.01734018325805664--0.018692731857299805--0.020303726196289062--0.022309303283691406--0.02507162094116211--0.02941441535949707--0.037841081619262695--0.05972123146057129
432,21467.7,16.539880207606725,58.764352776487854,8,direct,rf8_s2__,21,0.0014264583587646484--0.00516819953918457--0.007027149200439453--0.008608579635620117--0.009976625442504883--0.011161565780639648--0.01231527328491211--0.013354063034057617--0.014400482177734375--0.015423059463500977--0.016470909118652344--0.01759052276611328--0.01876044273376465--0.020046710968017578--0.021587848663330078--0.02337193489074707--0.025609254837036133--0.02870941162109375--0.03387737274169922--0.0483546257019043
480,24951.0,16.541635841749518,53.11846634164391,8,direct,rf8_s2__,21,0.0013844966888427734--0.005075216293334961--0.007283687591552734--0.00897526741027832--0.01031494140625--0.01148676872253418--0.012555837631225586--0.013559103012084961--0.014529943466186523--0.01551055908203125--0.016476869583129883--0.0175020694732666--0.018580913543701172--0.019741058349609375--0.0210723876953125--0.02260565757751465--0.02454853057861328--0.02720022201538086--0.03171563148498535--0.043947696685791016
48,12722.4,3.670511245727539,6.285533905029297,8,direct,rf8_s2__,21,0.0013606548309326172--0.002045154571533203--0.0028176307678222656--0.003098011016845703--0.003235340118408203--0.003341197967529297--0.003421783447265625--0.0035004615783691406--0.003576993942260742--0.003652811050415039--0.003732919692993164--0.003829479217529297--0.003926277160644531--0.0040323734283447266--0.004150390625--0.004318714141845703--0.004524946212768555--0.004824399948120117--0.005291938781738281--0.006199359893798828
528,26557.8,17.366807415800274,55.57323446813619,8,direct,rf8_s2__,21,0.0014994144439697266--0.004957914352416992--0.0071942806243896484--0.009062767028808594--0.010609626770019531--0.011945724487304688--0.013114213943481445--0.014208316802978516--0.01524496078491211--0.016288042068481445--0.017308950424194336--0.018388748168945312--0.01955103874206543--0.020830392837524414--0.0222170352935791--0.023868322372436523--0.025920391082763672--0.028555631637573242--0.033040761947631836--0.04599261283874512
576,28006.4,18.528414020076344,54.10030308891745,8,direct,rf8_s2__,21,0.0014216899871826172--0.004476785659790039--0.007258892059326172--0.009412288665771484--0.011152267456054688--0.012656211853027344--0.013961315155029297--0.015172243118286133--0.016328096389770508--0.017446517944335938--0.01857757568359375--0.01976609230041504--0.02096843719482422--0.022266387939453125--0.023708820343017578--0.025470972061157227--0.02756953239440918--0.03042912483215332--0.034920454025268555--0.04672884941101074
681,29146.4,21.412520248055632,64.85378201150964,8,direct,rf8_s2__,21,0.0013573169708251953--0.0045092105865478516--0.007505178451538086--0.010246992111206055--0.012508153915405273--0.014393329620361328--0.016005277633666992--0.017472267150878906--0.018825769424438477--0.020136594772338867--0.021426916122436523--0.022768735885620117--0.02421736717224121--0.025733232498168945--0.027413606643676758--0.02934408187866211--0.031676292419433594--0.034821510314941406--0.03995537757873535--0.0547027587890625
786,30538.3,22.40164714828037,80.96957330099207,8,direct,rf8_s2__,21,0.0013911724090576172--0.0039980411529541016--0.005689859390258789--0.008516311645507812--0.01144552230834961--0.014169931411743164--0.016361713409423828--0.018266916275024414--0.020083189010620117--0.021803617477416992--0.02345728874206543--0.02511739730834961--0.026755571365356445--0.02863335609436035--0.03068709373474121--0.03294777870178223--0.03584885597229004--0.039721012115478516--0.04619598388671875--0.06868362426757812
891,28851.6,27.085229237162388,109.90301678989663,8,direct,rf8_s2__,21,0.0013458728790283203--0.0045359134674072266--0.006716251373291016--0.009678125381469727--0.012844324111938477--0.015914440155029297--0.018702983856201172--0.021076440811157227--0.02327704429626465--0.025347232818603516--0.02733325958251953--0.029329299926757812--0.03134608268737793--0.033531904220581055--0.03595614433288574--0.03876972198486328--0.04220271110534668--0.04703712463378906--0.05574607849121094--0.10333538055419922
96,23084.9,4.035684527183066,6.666769786756866,8,direct,rf8_s2__,21,0.0013699531555175781--0.002321004867553711--0.0029845237731933594--0.003243684768676758--0.0034101009368896484--0.0035376548767089844--0.0036585330963134766--0.0037605762481689453--0.0038635730743408203--0.003968715667724609--0.004069805145263672--0.004175901412963867--0.0042874813079833984--0.004423379898071289--0.0045626163482666016--0.00473332405090332--0.004930734634399414--0.005206584930419922--0.005634307861328125--0.006527423858642578
996,33129.4,29.512042273022608,77.09077197707488,8,direct,rf8_s2__,21,0.0013303756713867188--0.0055179595947265625--0.009597539901733398--0.013628721237182617--0.017068862915039062--0.01988363265991211--0.02226853370666504--0.0243682861328125--0.026320695877075195--0.028180837631225586--0.030007600784301758--0.031870365142822266--0.03381681442260742--0.03586626052856445--0.038074493408203125--0.0405888557434082--0.04362344741821289--0.047627925872802734--0.05379033088684082--0.07157254219055176
